user_id,article_id,action,timestamp,reading_time_seconds
U014,A0140,share,2026-02-24 04:00:31,259
U016,A0193,view,2026-03-10 03:05:31,111
U027,A0073,share,2026-02-20 04:33:31,143
U018,A0160,view,2026-02-13 16:59:31,15
U042,A0067,view,2026-03-07 03:41:31,154
U013,A0148,like,2026-02-15 15:53:31,63
U049,A0101,like,2026-03-02 06:44:31,94
U004,A0076,like,2026-02-13 18:15:31,10
U016,A0141,share,2026-03-06 23:14:31,258
U050,A0188,view,2026-03-11 17:04:31,43
U019,A0044,like,2026-03-02 01:20:31,160
U035,A0129,view,2026-03-10 11:59:31,42
U009,A0052,view,2026-03-09 23:48:31,131
U030,A0077,view,2026-02-13 20:47:31,37
U042,A0006,view,2026-02-12 21:22:31,21
U046,A0090,share,2026-02-10 21:32:31,253
U010,A0112,view,2026-03-11 11:12:31,25
U041,A0159,like,2026-02-21 11:37:31,37
U011,A0159,share,2026-03-09 12:57:31,140
U048,A0119,view,2026-03-07 03:23:31,80
U017,A0030,view,2026-02-26 02:02:31,107
U013,A0150,view,2026-02-20 05:39:31,139
U001,A0046,view,2026-03-07 16:15:31,177
U028,A0197,like,2026-03-03 02:22:31,120
U012,A0011,view,2026-02-25 11:01:31,126
U036,A0195,like,2026-02-26 15:50:31,119
U013,A0149,view,2026-03-05 22:30:31,131
U047,A0101,like,2026-03-08 15:24:31,120
U006,A0047,like,2026-03-06 23:06:31,152
U005,A0063,share,2026-02-15 07:43:31,204
U035,A0130,view,2026-02-21 15:16:31,23
U013,A0159,view,2026-02-24 21:08:31,36
U026,A0159,view,2026-02-10 23:54:31,133
U043,A0056,view,2026-02-15 13:38:31,104
U006,A0003,view,2026-03-02 14:12:31,119
U049,A0196,share,2026-02-12 14:08:31,277
U008,A0191,view,2026-02-13 04:02:31,178
U042,A0031,view,2026-03-04 16:10:31,79
U029,A0020,view,2026-02-25 10:03:31,99
U012,A0189,like,2026-02-15 02:39:31,178
U050,A0170,view,2026-02-12 01:38:31,17
U028,A0019,view,2026-02-23 18:19:31,117
U043,A0031,view,2026-02-26 16:50:31,93
U016,A0091,view,2026-03-09 00:26:31,23
U001,A0033,like,2026-03-10 14:52:31,30
U004,A0041,view,2026-02-18 18:45:31,165
U011,A0047,view,2026-02-17 13:36:31,39
U007,A0026,view,2026-02-13 21:22:31,134
U028,A0085,view,2026-03-02 20:22:31,111
U001,A0182,view,2026-03-03 13:56:31,87
U048,A0125,like,2026-03-01 06:08:31,84
U032,A0006,view,2026-02-21 06:50:31,54
U050,A0141,view,2026-03-02 09:53:31,138
U010,A0139,view,2026-02-24 18:23:31,28
U003,A0176,like,2026-02-21 00:45:31,14
U012,A0150,view,2026-02-26 15:17:31,157
U010,A0195,view,2026-02-11 18:01:31,116
U035,A0187,view,2026-02-26 02:29:31,53
U003,A0059,view,2026-02-24 09:59:31,32
U047,A0183,view,2026-02-21 01:21:31,160
U046,A0127,view,2026-02-26 18:19:31,96
U043,A0138,like,2026-03-09 09:48:31,140
U039,A0102,view,2026-03-04 01:26:31,99
U005,A0091,share,2026-02-11 12:14:31,157
U028,A0144,view,2026-03-03 21:45:31,54
U008,A0172,like,2026-02-11 01:14:31,29
U023,A0174,like,2026-02-18 09:31:31,128
U021,A0120,like,2026-02-20 10:54:31,154
U008,A0129,share,2026-02-26 04:12:31,280
U042,A0057,view,2026-02-19 13:02:31,123
U003,A0182,like,2026-02-13 23:14:31,24
U007,A0172,view,2026-02-19 20:53:31,125
U002,A0022,view,2026-02-27 19:40:31,29
U045,A0105,share,2026-03-08 18:36:31,277
U010,A0022,view,2026-02-14 11:21:31,151
U012,A0093,like,2026-03-11 00:25:31,125
U016,A0045,view,2026-03-04 07:37:31,92
U042,A0103,view,2026-03-10 01:39:31,125
U016,A0025,like,2026-02-25 06:06:31,31
U012,A0132,view,2026-03-01 14:37:31,122
U049,A0090,view,2026-02-13 03:09:31,50
U031,A0165,share,2026-02-23 06:04:31,224
U029,A0100,view,2026-03-10 12:02:31,171
U007,A0104,view,2026-03-08 14:00:31,152
U021,A0060,view,2026-02-11 00:05:31,164
U007,A0098,view,2026-02-14 08:43:31,179
U032,A0090,view,2026-02-11 00:38:31,179
U022,A0075,view,2026-03-09 00:41:31,89
U007,A0029,view,2026-02-25 22:26:31,42
U048,A0151,like,2026-02-16 22:16:31,33
U035,A0026,view,2026-02-24 10:01:31,14
U021,A0168,view,2026-03-03 03:16:31,97
U048,A0140,view,2026-03-02 13:47:31,45
U015,A0114,view,2026-03-08 06:45:31,139
U020,A0009,like,2026-02-16 22:07:31,19
U010,A0058,like,2026-02-12 18:10:31,43
U024,A0043,view,2026-03-04 15:42:31,169
U021,A0037,view,2026-02-20 23:10:31,21
U039,A0073,view,2026-03-02 01:47:31,123
U034,A0134,like,2026-02-20 10:53:31,69
U003,A0083,view,2026-02-19 12:56:31,59
U011,A0093,share,2026-02-20 19:59:31,238
U019,A0003,like,2026-02-17 23:55:31,145
U036,A0046,view,2026-03-03 19:06:31,164
U048,A0080,view,2026-02-11 16:53:31,133
U030,A0179,view,2026-03-08 05:10:31,142
U049,A0116,view,2026-03-05 14:07:31,79
U029,A0050,view,2026-02-20 23:23:31,33
U049,A0198,view,2026-02-20 08:28:31,99
U022,A0015,view,2026-02-22 20:11:31,138
U012,A0172,view,2026-03-09 04:05:31,105
U031,A0197,view,2026-03-08 09:00:31,176
U036,A0178,view,2026-03-11 03:23:31,83
U009,A0174,view,2026-03-06 13:38:31,130
U038,A0043,view,2026-03-09 06:41:31,14
U050,A0022,like,2026-02-15 21:47:31,165
U031,A0024,view,2026-02-27 18:32:31,70
U015,A0093,view,2026-02-21 18:40:31,173
U021,A0182,view,2026-03-07 20:08:31,137
U050,A0088,view,2026-02-17 10:18:31,157
U037,A0129,view,2026-02-21 08:23:31,10
U031,A0098,view,2026-02-21 22:13:31,57
U011,A0169,view,2026-02-24 11:21:31,27
U003,A0132,view,2026-02-17 18:46:31,151
U029,A0145,like,2026-03-10 21:40:31,172
U050,A0176,view,2026-03-12 03:29:31,101
U015,A0093,view,2026-02-10 23:30:31,170
U002,A0126,view,2026-02-25 18:02:31,44
U038,A0043,view,2026-02-11 15:07:31,54
U017,A0186,view,2026-02-19 02:32:31,171
U024,A0047,view,2026-02-20 01:19:31,19
U046,A0153,view,2026-03-03 19:21:31,20
U033,A0105,view,2026-02-22 18:15:31,149
U009,A0101,view,2026-02-11 10:38:31,58
U038,A0074,like,2026-03-10 17:01:31,177
U007,A0182,view,2026-02-24 03:15:31,121
U037,A0163,like,2026-02-23 06:54:31,96
U012,A0067,view,2026-02-18 05:48:31,104
U010,A0043,view,2026-03-09 02:59:31,118
U033,A0093,view,2026-03-04 16:07:31,149
U015,A0159,view,2026-02-25 23:03:31,179
U026,A0195,view,2026-02-21 11:48:31,52
U013,A0110,view,2026-03-10 22:58:31,100
U011,A0186,view,2026-02-11 18:45:31,24
U034,A0083,view,2026-02-24 08:24:31,141
U050,A0095,view,2026-03-11 11:13:31,46
U032,A0088,view,2026-02-20 22:37:31,18
U041,A0060,view,2026-02-11 12:32:31,103
U049,A0159,share,2026-03-11 09:51:31,274
U026,A0190,view,2026-02-24 00:02:31,105
U043,A0176,view,2026-03-06 14:50:31,145
U026,A0075,view,2026-02-28 04:49:31,73
U039,A0142,view,2026-03-04 10:01:31,137
U022,A0006,share,2026-03-07 12:36:31,187
U012,A0104,like,2026-03-03 02:51:31,166
U022,A0125,share,2026-02-18 12:42:31,171
U033,A0033,like,2026-02-20 07:28:31,54
U005,A0115,view,2026-03-08 21:20:31,91
U046,A0145,like,2026-02-15 20:29:31,148
U001,A0159,view,2026-03-05 17:11:31,173
U047,A0159,view,2026-03-02 16:18:31,41
U003,A0036,like,2026-03-02 02:39:31,136
U018,A0150,view,2026-02-24 02:17:31,129
U048,A0178,view,2026-02-13 00:49:31,32
U014,A0198,view,2026-02-19 02:24:31,144
U027,A0102,view,2026-02-14 17:17:31,28
U045,A0186,view,2026-03-09 12:13:31,125
U044,A0111,view,2026-03-07 01:03:31,151
U001,A0034,view,2026-03-07 00:17:31,120
U042,A0049,like,2026-03-07 05:36:31,142
U049,A0141,view,2026-02-26 04:48:31,67
U018,A0069,share,2026-02-27 22:58:31,140
U044,A0041,view,2026-02-15 19:34:31,80
U024,A0197,view,2026-02-16 14:31:31,33
U036,A0136,view,2026-02-14 11:00:31,49
U015,A0139,view,2026-02-13 08:15:31,96
U050,A0014,view,2026-03-11 14:14:31,30
U046,A0022,view,2026-02-14 15:14:31,77
U022,A0151,like,2026-02-21 22:12:31,168
U040,A0181,view,2026-02-12 08:12:31,149
U018,A0149,share,2026-02-18 21:43:31,182
U041,A0043,view,2026-02-27 08:21:31,126
U013,A0182,view,2026-02-20 21:04:31,116
U029,A0193,view,2026-02-13 06:35:31,46
U025,A0129,like,2026-02-25 03:59:31,112
U015,A0046,view,2026-02-15 07:45:31,37
U035,A0187,view,2026-02-28 17:04:31,125
U028,A0177,view,2026-02-27 16:14:31,108
U049,A0113,view,2026-03-05 14:47:31,93
U049,A0166,like,2026-03-04 05:53:31,50
U030,A0076,view,2026-02-18 04:27:31,88
U050,A0171,view,2026-02-22 23:42:31,139
U020,A0150,view,2026-02-14 08:03:31,100
U039,A0198,view,2026-02-13 16:35:31,177
U044,A0170,view,2026-03-12 12:18:31,37
U010,A0002,like,2026-02-24 05:42:31,113
U030,A0042,view,2026-02-14 22:20:31,153
U006,A0123,view,2026-03-09 12:55:31,108
U031,A0001,like,2026-02-28 03:42:31,169
U026,A0033,view,2026-03-08 11:37:31,110
U001,A0178,share,2026-02-15 11:55:31,213
U001,A0176,view,2026-02-17 17:08:31,112
U008,A0111,view,2026-03-06 15:33:31,95
U003,A0178,view,2026-03-06 02:33:31,165
U035,A0082,view,2026-02-12 23:35:31,91
U029,A0020,share,2026-02-27 06:23:31,271
U041,A0120,like,2026-02-16 15:46:31,135
U021,A0007,view,2026-03-12 03:03:31,104
U033,A0033,view,2026-02-21 22:15:31,159
U046,A0065,like,2026-02-12 05:54:31,16
U043,A0147,view,2026-02-11 01:09:31,158
U045,A0082,like,2026-02-14 07:52:31,132
U009,A0045,view,2026-02-12 16:18:31,107
U031,A0044,view,2026-03-11 10:44:31,156
U037,A0126,view,2026-03-12 00:32:31,122
U044,A0165,view,2026-03-03 14:31:31,115
U034,A0184,view,2026-02-19 10:06:31,25
U010,A0056,view,2026-02-15 08:35:31,93
U016,A0035,view,2026-02-23 17:38:31,90
U026,A0122,view,2026-02-16 14:54:31,97
U034,A0016,view,2026-02-11 14:34:31,77
U008,A0171,view,2026-03-01 15:58:31,81
U040,A0016,view,2026-02-27 08:09:31,83
U042,A0093,view,2026-02-18 15:06:31,91
U012,A0094,view,2026-02-28 10:32:31,83
U047,A0143,view,2026-02-23 14:30:31,111
U032,A0054,share,2026-03-06 05:14:31,194
U008,A0189,share,2026-03-09 06:54:31,208
U023,A0089,view,2026-02-19 01:57:31,64
U036,A0195,view,2026-02-15 07:21:31,79
U014,A0060,view,2026-02-14 04:15:31,71
U016,A0176,view,2026-02-16 17:11:31,67
U033,A0101,view,2026-02-22 01:47:31,94
U038,A0043,view,2026-03-06 15:04:31,11
U033,A0088,share,2026-03-05 16:43:31,224
U023,A0164,like,2026-02-19 05:38:31,132
U042,A0192,like,2026-02-27 19:29:31,92
U028,A0002,view,2026-03-08 19:31:31,176
U027,A0064,view,2026-03-11 04:29:31,54
U018,A0184,like,2026-03-11 05:32:31,111
U046,A0037,view,2026-02-27 17:03:31,19
U046,A0127,view,2026-03-08 00:01:31,95
U031,A0005,share,2026-02-16 03:48:31,254
U015,A0169,share,2026-02-17 22:29:31,239
U041,A0080,like,2026-02-25 20:02:31,51
U023,A0164,view,2026-03-04 09:51:31,13
U006,A0003,like,2026-02-15 01:03:31,59
U050,A0022,like,2026-02-22 10:19:31,119
U019,A0044,view,2026-03-08 13:02:31,57
U028,A0097,view,2026-03-01 14:17:31,11
U022,A0067,view,2026-02-28 17:36:31,94
U041,A0168,like,2026-03-12 08:44:31,76
U023,A0093,view,2026-03-10 01:22:31,180
U022,A0089,view,2026-02-22 10:24:31,138
U025,A0146,like,2026-02-26 17:33:31,40
U010,A0161,share,2026-02-24 03:46:31,277
U025,A0102,share,2026-02-19 02:55:31,159
U044,A0171,share,2026-02-23 21:08:31,226
U019,A0124,share,2026-02-16 10:07:31,290
U025,A0166,like,2026-02-13 18:26:31,30
U033,A0114,view,2026-02-24 10:04:31,29
U022,A0131,view,2026-02-15 23:03:31,139
U033,A0033,view,2026-03-05 09:30:31,93
U042,A0115,view,2026-03-03 12:52:31,159
U048,A0068,like,2026-02-20 14:38:31,24
U036,A0035,view,2026-02-20 02:17:31,154
U001,A0045,view,2026-02-26 20:37:31,15
U013,A0175,like,2026-03-02 23:13:31,158
U010,A0022,view,2026-03-09 23:35:31,148
U023,A0152,share,2026-03-09 17:50:31,240
U034,A0109,view,2026-03-06 17:18:31,174
U046,A0039,view,2026-02-21 18:05:31,105
U004,A0119,view,2026-02-23 16:54:31,106
U038,A0158,share,2026-02-16 08:10:31,154
U020,A0081,view,2026-03-04 18:17:31,147
U016,A0091,view,2026-03-02 17:59:31,10
U008,A0170,share,2026-02-19 19:30:31,292
U039,A0083,view,2026-02-23 14:57:31,68
U013,A0069,view,2026-02-28 08:09:31,58
U008,A0041,like,2026-03-07 17:58:31,18
U028,A0028,view,2026-03-12 04:08:31,71
U031,A0152,view,2026-03-11 08:33:31,124
U028,A0058,like,2026-03-10 16:03:31,72
U047,A0143,view,2026-03-02 05:16:31,148
U029,A0108,like,2026-03-10 07:34:31,45
U017,A0142,view,2026-02-14 15:58:31,91
U004,A0154,like,2026-02-26 06:58:31,70
U032,A0038,view,2026-02-17 03:53:31,66
U029,A0193,view,2026-02-15 13:08:31,161
U048,A0101,share,2026-02-12 09:28:31,293
U021,A0068,view,2026-02-25 05:02:31,174
U042,A0169,like,2026-02-26 09:05:31,116
U025,A0084,view,2026-03-04 12:23:31,147
U049,A0136,like,2026-02-27 04:44:31,46
U021,A0094,share,2026-02-15 06:57:31,225
U004,A0002,view,2026-03-06 18:46:31,109
U014,A0007,view,2026-02-11 10:51:31,30
U032,A0078,like,2026-03-08 16:14:31,147
U015,A0139,view,2026-02-28 16:00:31,106
U029,A0040,view,2026-03-09 13:44:31,58
U040,A0140,view,2026-02-15 10:49:31,65
U037,A0017,like,2026-02-25 17:32:31,87
U007,A0167,view,2026-03-04 05:40:31,40
U009,A0136,like,2026-03-01 20:15:31,164
U002,A0179,view,2026-03-01 23:49:31,151
U043,A0144,view,2026-02-19 15:57:31,146
U028,A0019,view,2026-02-24 12:24:31,141
U043,A0161,view,2026-02-19 12:25:31,91
U038,A0186,view,2026-02-22 01:06:31,21
U023,A0143,view,2026-03-06 05:50:31,14
U012,A0189,share,2026-02-14 12:39:31,226
U015,A0164,view,2026-03-02 09:59:31,107
U049,A0061,view,2026-02-15 19:47:31,177
U018,A0122,view,2026-02-18 15:31:31,174
U038,A0181,view,2026-02-24 20:33:31,53
U022,A0148,view,2026-03-04 12:12:31,148
U027,A0071,share,2026-02-17 00:56:31,128
U039,A0168,view,2026-03-10 16:14:31,11
U024,A0090,like,2026-03-02 08:26:31,27
U013,A0133,view,2026-02-17 20:50:31,126
U016,A0196,view,2026-02-12 19:49:31,133
U034,A0160,view,2026-02-16 15:54:31,151
U033,A0186,view,2026-02-28 09:08:31,147
U001,A0015,view,2026-02-21 06:55:31,55
U020,A0119,view,2026-03-06 02:35:31,71
U021,A0113,view,2026-02-24 18:05:31,78
U008,A0131,view,2026-02-22 09:44:31,127
U003,A0132,share,2026-03-02 14:32:31,196
U012,A0142,like,2026-02-11 03:10:31,176
U006,A0044,view,2026-02-23 14:58:31,106
U034,A0119,view,2026-03-12 10:54:31,53
U043,A0127,like,2026-02-11 12:49:31,94
U010,A0004,like,2026-03-08 13:04:31,145
U047,A0146,view,2026-02-15 02:09:31,131
U022,A0006,share,2026-02-28 02:59:31,259
U032,A0148,view,2026-02-26 13:43:31,14
U007,A0102,view,2026-02-22 18:11:31,29
U005,A0083,view,2026-02-15 02:15:31,109
U008,A0070,view,2026-02-23 09:58:31,45
U027,A0187,view,2026-03-09 07:34:31,138
U022,A0107,view,2026-03-08 10:32:31,121
U009,A0098,view,2026-02-13 08:13:31,167
U002,A0050,view,2026-02-26 00:44:31,17
U004,A0041,like,2026-02-20 09:06:31,135
U001,A0138,view,2026-02-23 19:10:31,120
U028,A0048,view,2026-02-23 14:05:31,31
U044,A0194,view,2026-03-01 16:02:31,28
U002,A0034,view,2026-02-12 00:50:31,49
U010,A0103,view,2026-03-08 00:51:31,33
U038,A0039,view,2026-02-24 12:06:31,79
U033,A0195,view,2026-02-21 06:29:31,124
U040,A0078,view,2026-03-08 04:24:31,16
U048,A0060,view,2026-02-13 17:13:31,163
U003,A0085,like,2026-03-12 07:45:31,84
U016,A0037,like,2026-02-15 10:04:31,72
U031,A0111,view,2026-02-23 13:22:31,53
U001,A0126,view,2026-02-18 10:36:31,47
U045,A0136,view,2026-02-21 17:16:31,86
U014,A0119,view,2026-03-01 10:18:31,73
U024,A0059,view,2026-02-12 19:39:31,60
U023,A0094,view,2026-03-12 13:50:31,111
U049,A0027,view,2026-02-25 21:17:31,122
U048,A0095,like,2026-02-11 06:07:31,162
U009,A0188,view,2026-03-03 17:50:31,132
U043,A0147,share,2026-02-26 08:38:31,194
U048,A0130,view,2026-02-14 16:13:31,72
U035,A0062,view,2026-02-23 00:02:31,103
U023,A0017,view,2026-02-13 22:21:31,149
U005,A0132,like,2026-03-11 15:50:31,128
U029,A0179,view,2026-02-27 15:01:31,27
U047,A0015,like,2026-02-22 06:20:31,137
U037,A0172,view,2026-03-01 09:14:31,178
U035,A0092,view,2026-02-23 17:27:31,28
U013,A0057,view,2026-02-14 09:16:31,112
U032,A0006,share,2026-02-21 20:20:31,259
U012,A0119,share,2026-02-16 10:47:31,272
U001,A0046,view,2026-03-01 14:05:31,178
U040,A0008,view,2026-02-13 00:01:31,21
U021,A0080,view,2026-02-11 10:49:31,112
U005,A0195,view,2026-02-21 07:03:31,37
U043,A0066,view,2026-02-17 15:26:31,142
U014,A0121,view,2026-03-02 19:48:31,124
U019,A0123,view,2026-02-14 02:20:31,138
U014,A0068,share,2026-02-18 21:55:31,146
U048,A0095,share,2026-03-08 23:27:31,149
U040,A0170,like,2026-02-25 00:45:31,89
U039,A0198,like,2026-02-17 04:02:31,133
U007,A0081,view,2026-02-20 07:02:31,91
U033,A0159,view,2026-03-07 15:31:31,15
U049,A0053,view,2026-03-05 09:42:31,72
U005,A0063,view,2026-02-25 19:42:31,153
U027,A0081,view,2026-02-22 10:48:31,171
U022,A0072,view,2026-02-21 05:13:31,111
U006,A0003,view,2026-03-03 21:42:31,125
U044,A0088,view,2026-03-03 02:37:31,62
U026,A0122,like,2026-03-10 00:53:31,157
U019,A0123,like,2026-03-04 09:01:31,103
U042,A0053,view,2026-02-28 22:40:31,135
U013,A0160,view,2026-02-13 17:10:31,109
U027,A0069,view,2026-02-25 01:12:31,100
U031,A0158,view,2026-02-27 08:20:31,167
U014,A0095,view,2026-02-26 15:09:31,40
U044,A0200,view,2026-02-23 21:29:31,46
U028,A0066,view,2026-03-06 14:38:31,157
U031,A0135,view,2026-02-11 23:05:31,147
U013,A0064,view,2026-03-05 00:00:31,152
U022,A0100,view,2026-03-04 08:52:31,90
U037,A0072,view,2026-02-24 13:04:31,12
U028,A0019,view,2026-02-23 09:51:31,153
U034,A0016,view,2026-02-18 12:08:31,116
U008,A0165,view,2026-03-05 06:32:31,31
U001,A0046,like,2026-03-02 20:21:31,84
U025,A0191,view,2026-02-27 17:55:31,53
U022,A0100,view,2026-02-18 08:13:31,150
U013,A0120,view,2026-02-28 16:37:31,149
U039,A0167,view,2026-03-10 23:47:31,122
U039,A0129,share,2026-03-08 05:22:31,287
U050,A0079,view,2026-03-11 10:01:31,125
U025,A0142,like,2026-03-08 22:13:31,122
U001,A0010,view,2026-03-02 02:25:31,63
U023,A0074,view,2026-02-24 22:15:31,166
U005,A0095,view,2026-03-06 13:09:31,62
U050,A0073,like,2026-02-14 22:33:31,99
U036,A0103,view,2026-03-05 05:19:31,92
U019,A0090,view,2026-02-14 19:39:31,78
U027,A0133,view,2026-03-08 13:13:31,44
U050,A0098,like,2026-03-10 04:28:31,80
U040,A0056,view,2026-03-06 20:17:31,73
U026,A0105,view,2026-03-01 14:50:31,110
U039,A0051,view,2026-02-28 15:43:31,170
U041,A0099,view,2026-02-12 01:08:31,33
U012,A0172,like,2026-02-24 02:06:31,126
U015,A0004,view,2026-03-12 18:31:31,33
U027,A0051,view,2026-02-24 13:57:31,26
U043,A0127,view,2026-02-21 07:56:31,64
U028,A0085,view,2026-02-27 23:28:31,96
U043,A0012,view,2026-02-18 19:06:31,97
U003,A0027,like,2026-03-10 19:03:31,35
U013,A0006,like,2026-03-12 03:26:31,41
U050,A0132,view,2026-02-20 02:35:31,10
U015,A0169,view,2026-03-06 21:08:31,176
U037,A0129,like,2026-02-28 09:55:31,33
U016,A0034,view,2026-02-23 23:04:31,180
U004,A0170,view,2026-02-22 20:19:31,170
U009,A0183,view,2026-03-02 05:29:31,119
U039,A0017,like,2026-03-12 20:02:31,64
U032,A0096,view,2026-03-02 14:10:31,142
U029,A0065,view,2026-02-25 05:57:31,40
U017,A0167,view,2026-03-06 20:51:31,132
U040,A0105,view,2026-03-08 05:21:31,36
U001,A0046,like,2026-03-06 15:27:31,107
U003,A0007,like,2026-03-06 19:48:31,174
U019,A0082,view,2026-02-16 17:46:31,154
U019,A0078,view,2026-02-20 20:31:31,99
U041,A0096,view,2026-03-05 23:53:31,115
U044,A0098,view,2026-03-02 23:56:31,32
U022,A0157,view,2026-03-07 06:42:31,160
U035,A0110,view,2026-02-21 08:13:31,90
U034,A0046,view,2026-02-11 13:08:31,31
U012,A0014,view,2026-02-13 05:34:31,82
U016,A0137,view,2026-02-10 22:04:31,87
U037,A0087,view,2026-03-04 07:10:31,110
U034,A0184,view,2026-03-01 23:48:31,136
U011,A0183,view,2026-02-11 20:16:31,162
U009,A0114,like,2026-03-12 08:03:31,102
U033,A0140,view,2026-02-15 00:24:31,117
U041,A0068,view,2026-02-19 10:45:31,28
U012,A0062,view,2026-02-28 22:51:31,65
U031,A0188,view,2026-02-22 18:32:31,139
U031,A0010,like,2026-02-21 23:28:31,118
U032,A0110,view,2026-02-16 11:09:31,147
U043,A0127,view,2026-02-26 18:43:31,30
U015,A0139,view,2026-03-05 19:31:31,147
U048,A0110,view,2026-02-11 07:26:31,174
U005,A0014,view,2026-03-02 00:34:31,24
U008,A0111,share,2026-03-07 14:32:31,236
U006,A0074,view,2026-02-10 22:27:31,54
U034,A0052,like,2026-03-12 08:50:31,51
U032,A0096,view,2026-02-17 08:17:31,76
U011,A0167,view,2026-02-28 15:40:31,40
U010,A0114,view,2026-02-21 08:17:31,79
U003,A0081,view,2026-02-14 15:22:31,170
U005,A0051,view,2026-02-24 11:52:31,24
U019,A0010,view,2026-02-24 03:37:31,50
U002,A0066,view,2026-02-14 18:22:31,39
U046,A0163,view,2026-03-10 21:07:31,13
U003,A0147,view,2026-02-23 10:55:31,48
U006,A0166,share,2026-03-11 06:36:31,261
U037,A0048,like,2026-02-11 01:01:31,117
U009,A0016,view,2026-02-26 07:46:31,79
U042,A0016,view,2026-03-07 10:48:31,138
U047,A0103,view,2026-03-02 17:27:31,142
U013,A0069,share,2026-03-09 17:56:31,239
U029,A0028,like,2026-02-26 17:52:31,93
U037,A0073,view,2026-02-24 02:16:31,61
U016,A0061,like,2026-02-12 13:03:31,72
U041,A0096,view,2026-02-18 10:21:31,60
U004,A0099,view,2026-03-01 17:29:31,48
U014,A0121,view,2026-03-02 06:44:31,148
U039,A0199,like,2026-03-12 10:45:31,95
U009,A0180,view,2026-02-26 21:20:31,36
U043,A0037,share,2026-02-21 18:40:31,245
U008,A0129,share,2026-03-06 09:43:31,191
U036,A0046,share,2026-02-17 05:31:31,225
U019,A0124,view,2026-03-09 00:29:31,158
U050,A0173,view,2026-02-22 22:29:31,29
U026,A0195,view,2026-03-06 22:27:31,70
U012,A0083,like,2026-02-23 00:01:31,93
U031,A0044,view,2026-03-09 11:39:31,61
U029,A0040,like,2026-03-07 22:12:31,49
U016,A0012,view,2026-02-26 14:13:31,114
U017,A0094,view,2026-03-03 10:26:31,125
U042,A0027,view,2026-03-07 10:15:31,33
U002,A0056,view,2026-02-13 10:15:31,20
U038,A0166,like,2026-03-06 03:13:31,33
U010,A0103,share,2026-02-22 20:25:31,251
U016,A0179,view,2026-03-04 23:19:31,17
U029,A0195,like,2026-02-15 13:59:31,150
U028,A0166,view,2026-03-06 12:32:31,41
U043,A0066,like,2026-03-02 18:26:31,43
U032,A0090,view,2026-02-12 04:46:31,175
U023,A0129,view,2026-03-09 11:19:31,15
U043,A0066,view,2026-02-11 11:38:31,123
U040,A0183,view,2026-02-25 19:05:31,41
U041,A0117,view,2026-03-05 05:44:31,156
U010,A0186,like,2026-02-18 07:19:31,17
U034,A0133,view,2026-02-24 18:37:31,64
U014,A0155,view,2026-02-20 14:04:31,48
U013,A0184,view,2026-03-01 16:46:31,175
U039,A0092,view,2026-02-15 19:44:31,132
U021,A0053,view,2026-03-06 15:20:31,117
U028,A0058,like,2026-02-16 22:54:31,73
U035,A0140,like,2026-03-11 23:54:31,107
U039,A0011,view,2026-02-16 02:28:31,134
U045,A0192,view,2026-02-26 05:57:31,109
U037,A0017,view,2026-02-13 17:01:31,66
U014,A0080,like,2026-02-28 02:22:31,24
U050,A0047,view,2026-02-24 14:49:31,159
U020,A0145,share,2026-03-08 07:51:31,183
U023,A0195,view,2026-03-10 08:09:31,66
U024,A0193,share,2026-02-23 04:58:31,210
U043,A0121,share,2026-03-04 23:29:31,165
U048,A0064,view,2026-02-24 13:20:31,161
U037,A0014,like,2026-02-15 01:12:31,154
U041,A0067,share,2026-02-18 11:35:31,258
U032,A0130,view,2026-03-08 18:38:31,24
U005,A0184,view,2026-02-16 22:12:31,132
U018,A0149,share,2026-03-03 17:10:31,153
U045,A0186,view,2026-02-26 03:47:31,25
U029,A0108,view,2026-03-06 10:30:31,38
U034,A0052,like,2026-03-09 14:00:31,105
U009,A0077,view,2026-02-14 05:08:31,35
U003,A0149,view,2026-03-05 17:11:31,121
U045,A0187,share,2026-02-11 08:09:31,201
U007,A0029,share,2026-02-12 22:53:31,211
U039,A0013,view,2026-03-04 21:42:31,106
U022,A0060,view,2026-03-07 02:08:31,55
U039,A0150,share,2026-02-14 19:32:31,220
U010,A0091,like,2026-02-15 01:23:31,18
U044,A0042,view,2026-02-13 01:26:31,66
U035,A0071,view,2026-02-18 07:16:31,46
U042,A0148,view,2026-02-25 02:25:31,91
U019,A0128,like,2026-03-08 20:19:31,173
U010,A0144,view,2026-03-12 08:47:31,77
U026,A0178,view,2026-02-24 22:24:31,75
U015,A0136,like,2026-03-10 16:38:31,108
U026,A0164,view,2026-03-05 07:32:31,115
U003,A0019,view,2026-02-16 00:49:31,106
U030,A0070,view,2026-02-14 13:50:31,176
U036,A0103,view,2026-02-20 08:18:31,28
U041,A0054,view,2026-03-11 23:18:31,91
U040,A0027,view,2026-02-25 07:53:31,53
U041,A0158,view,2026-03-09 11:18:31,150
U009,A0096,share,2026-02-25 12:06:31,272
U005,A0111,like,2026-03-11 11:22:31,120
U025,A0098,view,2026-02-21 02:58:31,50
U019,A0123,view,2026-03-04 05:43:31,114
U037,A0082,like,2026-02-16 07:16:31,77
U047,A0101,view,2026-03-08 12:28:31,22
U004,A0071,view,2026-02-18 12:59:31,49
U049,A0176,view,2026-03-08 21:31:31,85
U004,A0110,view,2026-02-19 00:35:31,61
U009,A0052,view,2026-02-11 20:09:31,84
U029,A0106,view,2026-03-07 15:04:31,88
U006,A0181,view,2026-02-28 19:46:31,33
U014,A0081,view,2026-02-23 23:58:31,107
U007,A0185,view,2026-02-28 21:38:31,122
U010,A0177,view,2026-02-28 15:53:31,154
U043,A0061,like,2026-03-08 11:36:31,31
U044,A0171,like,2026-02-22 01:02:31,160
U031,A0097,view,2026-02-23 06:24:31,143
U005,A0036,view,2026-02-19 06:35:31,156
U035,A0098,view,2026-03-09 06:59:31,111
U038,A0176,like,2026-02-18 00:48:31,156
U016,A0013,like,2026-02-12 15:43:31,47
U040,A0158,like,2026-03-05 00:24:31,52
U046,A0139,like,2026-03-07 03:24:31,20
U011,A0164,share,2026-02-21 01:40:31,171
U029,A0143,view,2026-02-13 19:16:31,76
U024,A0044,like,2026-03-09 20:02:31,32
U024,A0158,view,2026-02-26 01:00:31,80
U025,A0094,share,2026-03-12 07:43:31,299
U035,A0073,view,2026-02-21 18:55:31,38
U041,A0057,view,2026-02-14 03:03:31,159
U009,A0155,share,2026-03-08 01:51:31,264
U041,A0057,like,2026-02-16 12:10:31,98
U039,A0108,view,2026-02-11 02:01:31,134
U014,A0053,view,2026-03-05 01:08:31,80
U019,A0097,view,2026-02-22 14:26:31,19
U032,A0006,like,2026-03-02 01:44:31,22
U006,A0167,share,2026-02-23 22:25:31,125
U007,A0011,like,2026-02-26 17:35:31,81
U003,A0098,like,2026-03-08 09:57:31,68
U017,A0011,share,2026-02-20 17:14:31,202
U035,A0073,view,2026-02-11 12:06:31,32
U015,A0155,view,2026-02-22 08:29:31,134
U028,A0147,like,2026-03-10 07:50:31,141
U030,A0180,view,2026-02-17 19:40:31,113
U037,A0011,like,2026-02-15 00:05:31,17
U002,A0147,like,2026-03-03 17:59:31,24
U038,A0008,view,2026-02-24 11:36:31,60
U036,A0159,like,2026-02-17 21:30:31,111
U001,A0114,view,2026-03-11 11:51:31,71
U046,A0126,view,2026-03-04 19:15:31,131
U011,A0159,view,2026-03-05 10:37:31,76
U046,A0072,view,2026-02-27 21:51:31,17
U032,A0151,view,2026-02-14 20:10:31,64
U007,A0167,view,2026-03-03 11:25:31,78
U007,A0137,view,2026-03-12 11:30:31,131
U003,A0105,view,2026-02-13 12:37:31,12
U041,A0117,view,2026-02-26 23:35:31,174
U040,A0128,like,2026-02-25 00:20:31,127
U040,A0159,view,2026-02-17 04:33:31,169
U019,A0048,view,2026-02-17 14:31:31,179
U033,A0112,like,2026-02-15 07:58:31,175
U046,A0106,view,2026-03-07 23:09:31,133
U041,A0151,share,2026-02-11 17:31:31,203
U030,A0079,view,2026-02-11 05:39:31,86
U003,A0061,view,2026-03-01 22:45:31,24
U021,A0059,like,2026-02-13 13:50:31,113
U038,A0043,view,2026-03-11 17:25:31,177
U001,A0179,view,2026-02-21 20:02:31,113
U032,A0125,view,2026-02-14 20:24:31,58
U006,A0055,like,2026-02-16 13:16:31,173
U028,A0147,share,2026-02-24 13:39:31,249
U003,A0063,view,2026-02-10 22:56:31,152
U029,A0090,view,2026-03-07 01:29:31,76
U009,A0093,view,2026-03-04 13:16:31,95
U015,A0101,view,2026-03-02 17:17:31,88
U015,A0169,like,2026-02-23 23:15:31,76
U013,A0104,view,2026-03-07 12:35:31,130
U026,A0155,view,2026-02-14 11:22:31,168
U009,A0143,like,2026-02-18 02:34:31,40
U032,A0071,view,2026-02-27 07:20:31,115
U017,A0147,like,2026-03-06 15:11:31,61
U048,A0140,share,2026-02-20 01:26:31,156
U010,A0169,like,2026-03-09 04:57:31,134
U024,A0166,share,2026-02-26 14:54:31,282
U040,A0008,view,2026-03-03 08:31:31,53
U042,A0054,view,2026-03-08 21:04:31,43
U008,A0011,view,2026-02-22 12:37:31,119
U037,A0005,view,2026-03-11 04:01:31,146
U009,A0169,view,2026-03-12 05:51:31,92
U007,A0007,view,2026-03-12 01:39:31,11
U028,A0010,view,2026-02-25 05:06:31,89
U013,A0130,view,2026-02-14 02:14:31,88
U033,A0046,like,2026-02-27 07:31:31,84
U038,A0047,view,2026-02-17 00:45:31,96
U016,A0149,view,2026-03-06 19:05:31,97
U043,A0066,view,2026-03-04 07:25:31,52
U009,A0035,share,2026-02-22 12:37:31,124
U045,A0087,like,2026-03-06 21:55:31,64
U036,A0192,view,2026-03-05 04:39:31,41
U045,A0026,view,2026-03-11 04:25:31,106
U015,A0072,view,2026-02-16 13:09:31,169
U035,A0113,share,2026-03-07 23:08:31,287
U048,A0095,view,2026-03-07 14:45:31,116
U030,A0070,view,2026-03-01 09:10:31,131
U013,A0146,view,2026-02-12 04:45:31,12
U019,A0044,view,2026-02-17 04:55:31,79
U029,A0100,like,2026-02-21 19:45:31,36
U027,A0025,view,2026-02-28 00:26:31,39
U003,A0176,view,2026-02-13 04:02:31,61
U005,A0191,like,2026-03-03 16:57:31,101
U007,A0146,view,2026-03-11 02:11:31,150
U013,A0009,view,2026-02-19 00:13:31,94
U014,A0199,view,2026-03-08 20:01:31,38
U034,A0053,view,2026-03-06 02:19:31,33
U031,A0181,view,2026-03-08 06:35:31,75
U024,A0048,view,2026-02-27 09:53:31,77
U015,A0178,view,2026-03-04 22:24:31,20
U021,A0013,view,2026-02-26 15:40:31,119
U009,A0154,view,2026-03-10 19:06:31,12
U027,A0180,view,2026-03-05 02:59:31,94
U024,A0089,view,2026-02-12 14:03:31,78
U018,A0103,view,2026-02-25 06:53:31,56
U043,A0022,view,2026-02-20 02:34:31,79
U043,A0128,view,2026-02-19 02:51:31,117
U036,A0139,like,2026-03-07 17:44:31,43
U010,A0045,view,2026-03-05 15:07:31,36
U017,A0034,view,2026-02-14 23:47:31,122
U004,A0110,view,2026-02-24 13:32:31,166
U019,A0001,view,2026-03-06 22:31:31,133
U015,A0087,view,2026-02-22 04:00:31,122
U047,A0134,view,2026-02-26 14:00:31,13
U019,A0044,view,2026-02-14 15:22:31,154
U013,A0160,share,2026-02-25 11:43:31,252
U010,A0106,like,2026-03-08 13:12:31,120
U043,A0106,view,2026-02-25 03:34:31,179
U046,A0020,view,2026-02-15 11:22:31,166
U010,A0056,view,2026-03-05 17:49:31,139
U042,A0120,like,2026-03-05 08:34:31,29
U039,A0149,view,2026-02-25 19:48:31,81
U035,A0060,view,2026-02-11 14:33:31,106
U031,A0001,view,2026-02-19 23:46:31,123
U006,A0166,view,2026-02-18 04:47:31,124
U037,A0082,share,2026-02-11 03:34:31,124
U035,A0102,view,2026-02-15 12:41:31,150
U026,A0107,view,2026-02-13 09:16:31,168
U022,A0156,like,2026-02-15 07:00:31,62
U046,A0141,view,2026-02-25 08:55:31,103
U003,A0003,like,2026-02-20 04:50:31,94
U031,A0042,view,2026-02-19 08:26:31,178
U040,A0074,view,2026-03-08 10:48:31,178
U030,A0005,view,2026-02-12 01:06:31,84
U043,A0031,view,2026-03-08 01:06:31,21
U025,A0045,view,2026-02-22 06:15:31,37
U006,A0044,view,2026-03-07 09:20:31,110
U038,A0055,like,2026-03-04 05:04:31,96
U009,A0111,view,2026-02-12 01:33:31,160
U004,A0096,like,2026-02-20 01:38:31,178
U046,A0066,view,2026-02-18 04:22:31,11
U039,A0142,view,2026-02-21 04:29:31,159
U004,A0080,view,2026-03-04 19:40:31,158
U037,A0172,like,2026-03-08 04:07:31,109
U037,A0062,view,2026-02-26 05:41:31,139
U010,A0042,view,2026-02-13 04:02:31,73
U022,A0156,share,2026-02-27 11:55:31,235
U033,A0170,view,2026-02-13 11:06:31,141
U001,A0109,like,2026-02-26 14:21:31,151
U026,A0145,view,2026-02-12 11:28:31,84
U021,A0196,share,2026-03-06 20:19:31,286
U029,A0080,view,2026-02-16 04:41:31,173
U023,A0118,view,2026-02-24 20:29:31,153
U011,A0181,view,2026-02-21 21:14:31,146
U016,A0138,like,2026-03-12 07:17:31,143
U033,A0192,view,2026-03-10 11:16:31,24
U019,A0158,like,2026-03-05 13:26:31,83
U004,A0140,view,2026-03-10 01:28:31,85
U039,A0160,view,2026-02-24 13:27:31,125
U011,A0114,like,2026-02-15 07:30:31,67
U009,A0171,view,2026-03-02 01:42:31,140
U040,A0159,like,2026-02-27 19:03:31,180
U017,A0066,view,2026-02-21 22:13:31,90
U033,A0151,view,2026-03-01 10:42:31,61
U008,A0170,like,2026-02-20 17:17:31,67
U044,A0151,like,2026-02-11 09:50:31,104
U005,A0146,view,2026-02-13 10:10:31,60
U014,A0054,share,2026-02-27 11:54:31,234
U033,A0027,view,2026-03-04 09:00:31,54
U010,A0169,view,2026-03-11 00:50:31,119
U030,A0070,view,2026-03-05 13:27:31,159
U032,A0191,view,2026-02-19 15:52:31,49
U011,A0027,share,2026-02-13 17:16:31,133
U012,A0142,view,2026-02-27 04:17:31,135
U045,A0062,view,2026-03-09 13:37:31,91
U050,A0141,share,2026-02-17 04:35:31,137
U044,A0180,view,2026-02-16 04:02:31,147
U036,A0109,view,2026-03-03 04:11:31,179
U023,A0101,view,2026-03-02 22:37:31,168
U027,A0102,share,2026-02-11 08:01:31,122
U046,A0065,view,2026-03-01 22:42:31,174
U027,A0150,view,2026-03-11 01:40:31,92
U019,A0128,like,2026-03-07 17:23:31,108
U027,A0073,like,2026-03-11 18:14:31,142
U015,A0006,view,2026-02-17 17:33:31,124
U014,A0080,view,2026-02-11 05:35:31,59
U030,A0188,view,2026-03-08 12:25:31,52
U050,A0031,like,2026-02-16 14:49:31,11
U031,A0047,view,2026-02-12 05:38:31,64
U007,A0195,view,2026-03-08 03:43:31,62
U021,A0099,like,2026-02-21 01:50:31,175
U025,A0042,view,2026-03-05 21:17:31,16
U035,A0113,view,2026-03-08 21:38:31,28
U001,A0004,like,2026-02-15 11:39:31,28
U013,A0151,view,2026-03-01 02:43:31,114
U023,A0084,view,2026-02-21 04:15:31,90
U034,A0198,view,2026-02-16 13:03:31,11
U041,A0071,view,2026-02-14 05:35:31,21
U027,A0102,view,2026-02-18 00:00:31,37
U028,A0147,view,2026-02-13 06:42:31,32
U041,A0125,share,2026-02-23 12:37:31,221
U037,A0042,view,2026-03-05 18:29:31,146
U005,A0083,like,2026-02-16 01:09:31,85
U044,A0147,view,2026-02-11 09:30:31,105
U014,A0092,view,2026-02-15 14:56:31,46
U018,A0182,view,2026-02-13 17:31:31,110
U025,A0014,share,2026-02-27 00:25:31,173
U019,A0074,share,2026-02-25 05:39:31,174
U029,A0040,view,2026-02-17 13:23:31,46
U002,A0086,view,2026-03-01 09:10:31,59
U025,A0082,view,2026-02-15 01:35:31,23
U017,A0182,share,2026-02-15 21:44:31,238
U009,A0200,view,2026-03-09 19:39:31,74
U009,A0024,like,2026-02-18 17:05:31,94
U036,A0046,view,2026-03-02 05:03:31,35
U041,A0067,view,2026-03-04 01:52:31,91
U040,A0157,view,2026-02-26 23:21:31,159
U048,A0140,view,2026-02-26 11:42:31,119
U019,A0197,view,2026-03-02 19:16:31,174
U043,A0061,like,2026-03-06 18:32:31,94
U036,A0073,view,2026-02-24 13:23:31,88
U038,A0039,view,2026-02-11 12:07:31,165
U036,A0134,view,2026-03-06 12:18:31,147
U033,A0155,like,2026-02-12 08:47:31,29
U049,A0052,like,2026-02-17 19:15:31,171
U048,A0023,view,2026-02-22 10:43:31,161
U019,A0078,view,2026-03-01 00:34:31,149
U016,A0173,view,2026-02-11 02:59:31,48
U011,A0035,view,2026-02-14 01:13:31,84
U015,A0178,view,2026-03-08 18:19:31,111
U022,A0193,view,2026-03-02 00:18:31,167
U049,A0106,like,2026-03-06 11:54:31,124
U013,A0196,view,2026-02-15 03:12:31,178
U027,A0038,view,2026-02-18 21:07:31,101
U014,A0160,like,2026-03-02 08:06:31,26
U008,A0087,view,2026-03-03 11:22:31,142
U040,A0045,view,2026-02-19 12:13:31,126
U014,A0024,view,2026-02-11 08:52:31,92
U016,A0176,share,2026-02-12 01:12:31,190
U017,A0014,view,2026-02-16 02:39:31,155
U042,A0169,view,2026-02-24 06:13:31,160
U017,A0112,like,2026-02-17 08:53:31,74
U031,A0123,share,2026-02-17 09:13:31,223
U034,A0104,like,2026-02-18 17:27:31,133
U030,A0010,view,2026-03-06 13:26:31,122
U002,A0144,view,2026-02-11 14:23:31,81
U030,A0088,view,2026-02-24 09:35:31,164
U022,A0113,view,2026-03-02 09:38:31,116
U003,A0105,like,2026-02-18 23:17:31,132
U003,A0160,view,2026-02-11 10:15:31,115
U014,A0095,view,2026-02-14 18:49:31,161
U006,A0032,view,2026-03-11 02:25:31,156
U028,A0166,view,2026-03-04 16:35:31,142
U006,A0192,view,2026-02-15 05:37:31,173
U037,A0129,like,2026-02-27 23:37:31,31
U033,A0143,view,2026-02-19 10:19:31,133
U009,A0135,like,2026-02-13 12:57:31,46
U041,A0023,like,2026-03-04 14:34:31,169
U010,A0086,view,2026-02-25 06:56:31,126
U032,A0089,view,2026-02-23 16:07:31,108
U009,A0049,view,2026-02-17 02:17:31,139
U031,A0152,like,2026-02-13 07:51:31,34
U034,A0134,share,2026-02-13 14:04:31,129
U012,A0079,view,2026-03-07 12:52:31,33
U042,A0099,view,2026-02-13 10:04:31,148
U004,A0050,like,2026-02-11 08:05:31,120
U002,A0086,view,2026-03-10 21:47:31,145
U004,A0071,share,2026-02-18 22:37:31,217
U019,A0015,like,2026-02-14 15:57:31,35
U007,A0087,view,2026-03-02 07:16:31,31
U032,A0071,like,2026-02-22 06:52:31,75
U020,A0091,like,2026-03-12 13:27:31,157
U021,A0185,view,2026-02-23 19:36:31,177
U049,A0139,like,2026-02-22 06:39:31,102
U039,A0142,view,2026-02-14 05:51:31,74
U002,A0079,view,2026-02-15 04:27:31,103
U005,A0182,share,2026-02-22 19:06:31,172
U023,A0011,like,2026-02-18 22:14:31,55
U015,A0155,view,2026-03-01 08:02:31,88
U018,A0132,like,2026-02-22 18:22:31,45
U004,A0059,view,2026-03-02 10:15:31,124
U023,A0101,share,2026-03-08 07:42:31,174
U022,A0068,like,2026-02-15 19:51:31,167
U012,A0189,like,2026-03-05 13:39:31,109
U047,A0048,view,2026-03-08 17:44:31,47
U028,A0078,view,2026-03-08 20:57:31,26
U012,A0091,view,2026-02-13 04:00:31,19
U004,A0057,share,2026-02-22 15:37:31,277
U030,A0152,view,2026-02-13 16:38:31,24
U050,A0122,like,2026-02-11 17:51:31,136
U001,A0127,view,2026-02-10 23:44:31,142
U006,A0008,view,2026-02-13 14:24:31,140
U032,A0096,view,2026-03-05 04:06:31,19
U024,A0072,view,2026-03-05 17:15:31,32
U029,A0006,like,2026-02-24 19:31:31,111
U027,A0149,view,2026-03-12 04:26:31,27
U008,A0089,view,2026-02-15 10:31:31,159
U014,A0067,share,2026-02-28 07:12:31,177
U011,A0043,view,2026-02-22 12:00:31,157
U010,A0004,view,2026-02-17 20:17:31,37
U049,A0033,view,2026-02-25 09:53:31,39
U001,A0121,share,2026-02-16 09:41:31,267
U040,A0109,view,2026-02-23 17:21:31,154
U030,A0180,view,2026-02-25 10:13:31,127
U008,A0070,like,2026-03-11 15:21:31,133
U045,A0114,view,2026-02-12 01:06:31,66
U022,A0057,view,2026-02-26 12:22:31,115
U042,A0064,view,2026-03-12 10:36:31,77
U028,A0061,view,2026-02-25 07:41:31,29
U020,A0150,view,2026-02-26 14:24:31,100
U028,A0010,view,2026-03-04 13:35:31,58
U031,A0097,view,2026-03-01 20:50:31,77
U028,A0058,view,2026-03-01 12:29:31,168
U017,A0147,like,2026-03-07 10:17:31,30
U029,A0100,view,2026-02-12 22:46:31,11
U005,A0185,view,2026-03-10 23:04:31,133
U039,A0137,view,2026-02-14 17:42:31,80
U004,A0135,share,2026-02-17 14:56:31,191
U045,A0082,like,2026-03-07 01:09:31,23
U030,A0171,view,2026-02-16 06:34:31,18
U019,A0039,view,2026-03-04 22:18:31,127
U042,A0084,view,2026-02-19 22:42:31,90
U043,A0034,view,2026-03-03 07:02:31,107
U032,A0040,view,2026-02-12 23:54:31,76
U038,A0001,view,2026-02-28 14:58:31,130
U020,A0115,view,2026-03-04 12:21:31,137
U010,A0049,view,2026-02-23 22:34:31,103
U047,A0104,view,2026-03-04 16:44:31,156
U012,A0064,view,2026-03-02 11:34:31,35
U005,A0129,like,2026-02-15 14:39:31,120
U045,A0074,view,2026-03-06 01:53:31,131
U031,A0169,view,2026-02-18 03:32:31,44
U047,A0165,like,2026-02-17 08:31:31,146
U014,A0140,like,2026-02-27 05:30:31,74
U047,A0178,view,2026-02-22 18:04:31,35
U009,A0200,view,2026-03-01 07:28:31,131
U039,A0131,view,2026-02-25 15:41:31,76
U025,A0011,view,2026-03-01 03:44:31,98
U011,A0074,view,2026-02-13 07:46:31,60
U035,A0023,view,2026-02-16 09:06:31,54
U027,A0114,view,2026-02-26 02:08:31,140
U032,A0059,like,2026-03-09 07:35:31,107
U024,A0157,view,2026-03-06 07:01:31,52
U031,A0001,share,2026-02-21 16:29:31,281
U044,A0135,view,2026-03-09 15:18:31,30
U013,A0120,view,2026-02-26 11:07:31,177
U008,A0087,view,2026-02-11 13:06:31,111
U036,A0169,view,2026-02-24 08:33:31,160
U029,A0193,view,2026-03-05 06:28:31,57
U037,A0166,view,2026-03-02 04:57:31,179
U042,A0120,like,2026-03-09 05:46:31,63
U014,A0051,view,2026-03-09 23:33:31,131
U003,A0199,view,2026-02-22 19:35:31,144
U031,A0171,view,2026-02-28 22:33:31,168
U013,A0160,view,2026-02-23 03:25:31,89
U024,A0124,like,2026-02-20 17:11:31,170
U027,A0142,view,2026-03-05 02:53:31,17
U011,A0128,view,2026-02-26 02:01:31,131
U033,A0183,like,2026-02-28 11:41:31,150
U038,A0167,share,2026-02-16 08:11:31,165
U039,A0081,view,2026-02-11 22:42:31,154
U034,A0133,view,2026-02-16 14:11:31,89
U002,A0006,view,2026-03-02 13:08:31,32
U032,A0130,view,2026-03-01 01:27:31,49
U045,A0109,view,2026-03-06 16:21:31,98
U002,A0037,view,2026-02-18 11:54:31,132
U046,A0075,like,2026-02-27 13:17:31,162
U035,A0014,view,2026-02-23 21:06:31,58
U048,A0006,view,2026-02-22 22:03:31,73
U020,A0182,like,2026-02-23 03:33:31,106
U011,A0049,view,2026-02-12 10:12:31,71
U035,A0006,like,2026-02-12 23:26:31,79
U018,A0133,like,2026-02-28 15:36:31,115
U003,A0176,view,2026-03-06 16:00:31,84
U029,A0107,view,2026-02-20 06:41:31,79
U029,A0050,view,2026-02-26 07:00:31,14
U015,A0033,share,2026-03-11 21:03:31,167
U047,A0165,view,2026-03-07 04:39:31,122
U011,A0035,view,2026-03-06 00:38:31,13
U034,A0199,view,2026-02-26 16:54:31,137
U013,A0162,view,2026-03-11 10:34:31,94
U024,A0072,like,2026-03-06 05:39:31,24
U010,A0034,view,2026-02-16 03:55:31,130
U005,A0081,like,2026-03-01 12:04:31,107
U048,A0045,view,2026-03-01 13:18:31,108
U011,A0197,view,2026-03-11 08:37:31,60
U001,A0035,like,2026-02-17 04:00:31,180
U011,A0148,view,2026-02-26 16:19:31,92
U015,A0192,like,2026-02-15 20:56:31,143
U031,A0003,view,2026-02-27 06:50:31,60
U025,A0011,view,2026-03-02 23:21:31,38
U028,A0197,view,2026-03-12 04:46:31,52
U018,A0119,view,2026-02-22 20:54:31,72
U003,A0085,view,2026-02-19 06:06:31,162
U022,A0110,like,2026-03-01 13:33:31,50
U003,A0149,view,2026-02-25 11:35:31,170
U023,A0191,view,2026-03-05 21:06:31,147
U028,A0010,view,2026-03-02 07:05:31,91
U025,A0087,like,2026-02-25 01:52:31,122
U016,A0091,view,2026-02-23 16:36:31,101
U005,A0014,view,2026-03-11 02:06:31,134
U010,A0022,view,2026-02-16 04:25:31,135
U033,A0183,view,2026-02-25 01:29:31,92
U029,A0193,view,2026-02-13 15:18:31,151
U036,A0016,view,2026-02-20 10:23:31,85
U002,A0156,view,2026-02-20 05:15:31,10
U034,A0035,view,2026-03-04 10:34:31,14
U034,A0184,view,2026-02-12 15:48:31,71
U024,A0123,view,2026-02-16 08:32:31,109
U001,A0079,view,2026-02-15 18:53:31,49
U048,A0151,view,2026-02-11 17:11:31,92
U030,A0171,view,2026-03-09 20:24:31,21
U023,A0006,view,2026-03-11 11:04:31,61
U027,A0150,view,2026-03-11 10:28:31,156
U028,A0010,view,2026-02-18 14:07:31,144
U014,A0051,view,2026-03-10 15:37:31,103
U048,A0148,like,2026-03-12 06:56:31,63
U039,A0091,share,2026-03-09 05:53:31,239
U011,A0014,view,2026-02-15 11:43:31,116
U014,A0158,like,2026-03-10 05:33:31,167
U034,A0196,view,2026-03-09 16:21:31,87
U029,A0163,view,2026-02-17 05:49:31,34
U029,A0075,view,2026-02-23 08:20:31,58
U031,A0157,view,2026-02-14 22:36:31,170
U030,A0102,view,2026-02-15 11:35:31,116
U016,A0013,like,2026-02-14 15:28:31,101
U018,A0007,like,2026-02-21 10:45:31,36
U019,A0078,view,2026-02-22 14:37:31,139
U032,A0089,view,2026-02-13 13:57:31,123
U039,A0097,share,2026-02-15 20:23:31,203
U046,A0162,view,2026-02-12 01:33:31,120
U022,A0178,view,2026-03-01 22:18:31,154
U037,A0094,view,2026-02-15 20:13:31,75
U005,A0149,view,2026-02-22 19:30:31,10
U017,A0026,share,2026-02-13 18:30:31,124
U020,A0091,share,2026-02-27 03:32:31,121
U049,A0106,view,2026-02-26 13:16:31,15
U024,A0078,share,2026-02-28 07:48:31,261
U050,A0002,view,2026-02-14 20:52:31,49
U020,A0009,view,2026-03-05 18:43:31,45
U004,A0099,like,2026-03-01 12:19:31,69
U032,A0163,view,2026-02-14 22:06:31,112
U020,A0160,view,2026-03-09 08:54:31,93
U047,A0035,view,2026-02-14 15:50:31,34
U024,A0055,view,2026-02-14 15:46:31,107
U044,A0116,view,2026-02-25 15:59:31,99
U005,A0190,view,2026-03-07 09:34:31,68
U012,A0073,like,2026-03-12 08:44:31,172
U035,A0036,view,2026-02-27 00:19:31,144
U009,A0024,view,2026-03-06 01:51:31,93
U013,A0007,view,2026-03-10 14:03:31,110
U026,A0088,like,2026-02-14 16:54:31,139
U003,A0085,view,2026-02-22 22:31:31,47
U023,A0094,view,2026-02-14 21:04:31,22
U034,A0009,view,2026-02-22 17:56:31,138
U022,A0096,view,2026-03-06 17:55:31,133
U040,A0114,view,2026-02-11 04:48:31,156
U037,A0142,view,2026-02-17 00:36:31,73
U029,A0089,view,2026-02-21 07:29:31,92
U025,A0082,view,2026-03-07 18:19:31,115
U002,A0031,view,2026-02-26 06:54:31,98
U015,A0027,view,2026-02-27 00:17:31,53
U044,A0171,view,2026-02-20 18:13:31,169
U047,A0093,view,2026-03-02 06:12:31,61
U023,A0082,view,2026-03-08 23:30:31,38
U010,A0127,view,2026-02-12 14:55:31,47
U044,A0043,like,2026-03-12 06:13:31,97
U011,A0197,view,2026-02-20 09:38:31,130
U022,A0193,view,2026-02-16 09:35:31,64
U039,A0102,view,2026-03-01 02:42:31,150
U009,A0159,like,2026-03-06 10:50:31,14
U003,A0199,share,2026-02-16 21:49:31,131
U042,A0096,view,2026-03-03 18:01:31,168
U046,A0112,view,2026-03-12 12:07:31,27
U021,A0132,view,2026-02-24 11:46:31,37
U046,A0019,like,2026-02-11 07:54:31,108
U036,A0186,view,2026-03-08 08:26:31,90
U025,A0030,view,2026-03-08 21:05:31,57
U034,A0081,share,2026-02-15 08:48:31,125
U050,A0200,share,2026-02-27 00:10:31,205
U038,A0015,like,2026-03-12 01:09:31,98
U036,A0046,view,2026-02-27 03:00:31,70
U049,A0001,share,2026-02-28 07:54:31,135
U024,A0044,like,2026-03-11 13:02:31,152
U020,A0088,view,2026-02-25 07:54:31,110
U029,A0163,view,2026-02-23 11:45:31,143
U048,A0009,view,2026-02-12 09:59:31,68
U023,A0035,view,2026-02-21 11:25:31,89
U003,A0179,view,2026-02-16 04:58:31,43
U026,A0045,view,2026-02-16 05:55:31,61
U013,A0056,view,2026-02-17 01:05:31,44
U035,A0174,share,2026-03-06 06:41:31,287
U050,A0119,share,2026-02-26 10:26:31,137
U024,A0122,share,2026-03-07 11:55:31,167
U030,A0005,like,2026-03-11 13:01:31,91
U017,A0192,view,2026-02-22 04:02:31,87
U016,A0007,share,2026-02-11 21:37:31,190
U018,A0007,view,2026-03-06 21:33:31,57
U025,A0082,share,2026-02-12 19:21:31,188
U038,A0074,view,2026-02-13 17:50:31,69
U008,A0029,view,2026-03-09 06:25:31,132
U005,A0182,like,2026-02-19 13:13:31,176
U020,A0137,like,2026-02-18 12:26:31,131
U042,A0114,view,2026-03-11 10:01:31,114
U045,A0178,view,2026-02-28 14:28:31,115
U034,A0051,view,2026-03-03 15:41:31,62
U039,A0185,share,2026-02-20 21:25:31,277
U034,A0150,view,2026-02-20 01:28:31,73
U008,A0042,like,2026-02-13 05:12:31,107
U024,A0059,view,2026-02-14 20:31:31,162
U024,A0040,view,2026-03-11 03:10:31,143
U029,A0108,view,2026-03-10 22:54:31,72
U034,A0064,view,2026-03-11 02:21:31,152
U042,A0148,like,2026-03-10 15:23:31,58
U026,A0050,view,2026-02-27 00:34:31,83
U016,A0177,view,2026-02-12 23:31:31,23
U003,A0051,share,2026-02-19 18:52:31,285
U022,A0020,like,2026-03-07 17:37:31,56
U013,A0150,share,2026-02-16 00:24:31,154
U005,A0133,view,2026-03-11 18:01:31,55
U007,A0119,like,2026-03-03 16:40:31,126
U018,A0133,view,2026-02-11 08:48:31,51
U015,A0052,view,2026-03-07 16:32:31,125
U049,A0061,view,2026-02-23 09:42:31,140
U017,A0161,view,2026-02-15 20:06:31,107
U008,A0115,view,2026-02-25 15:06:31,154
U041,A0116,like,2026-03-05 12:09:31,47
U019,A0166,like,2026-02-21 18:56:31,88
U023,A0192,like,2026-02-20 13:48:31,83
U008,A0171,view,2026-03-06 21:31:31,61
U044,A0173,like,2026-03-12 07:53:31,127
U006,A0157,view,2026-03-12 14:57:31,165
U014,A0027,view,2026-02-14 02:02:31,178
U007,A0102,view,2026-03-09 06:30:31,163
U012,A0026,view,2026-02-15 23:23:31,81
U028,A0004,view,2026-03-03 10:26:31,22
U034,A0192,view,2026-02-25 00:00:31,19
U026,A0035,view,2026-02-14 13:48:31,164
U048,A0132,share,2026-03-10 15:40:31,147
U001,A0183,view,2026-02-27 22:36:31,166
U004,A0156,view,2026-02-14 20:08:31,153
U009,A0192,view,2026-02-14 12:50:31,102
U045,A0068,view,2026-02-27 06:19:31,92
U027,A0132,view,2026-03-09 19:19:31,119
U037,A0172,view,2026-02-19 10:58:31,44
U036,A0035,like,2026-02-25 21:38:31,144
U042,A0183,view,2026-03-03 08:53:31,166
U002,A0066,view,2026-02-12 06:13:31,145
U009,A0156,view,2026-02-13 08:39:31,83
U050,A0076,like,2026-03-01 01:36:31,144
U031,A0015,view,2026-03-06 23:33:31,167
U008,A0154,view,2026-02-12 03:04:31,137
U001,A0109,view,2026-02-13 03:35:31,69
U001,A0012,share,2026-03-12 19:30:31,150
U012,A0131,view,2026-03-07 12:25:31,63
U016,A0106,share,2026-02-22 00:59:31,131
U002,A0056,view,2026-02-11 20:54:31,64
U021,A0071,view,2026-02-28 01:37:31,75
U037,A0118,view,2026-02-17 19:47:31,150
U026,A0065,view,2026-02-25 17:11:31,97
U040,A0169,view,2026-03-11 13:25:31,54
U003,A0079,like,2026-02-19 01:55:31,131
U025,A0092,view,2026-02-18 23:18:31,49
U039,A0021,like,2026-02-16 10:43:31,95
U040,A0159,like,2026-03-10 08:02:31,143
U043,A0004,like,2026-02-26 12:37:31,152
U037,A0172,view,2026-02-25 18:54:31,100
U017,A0004,view,2026-03-11 11:11:31,96
U011,A0129,view,2026-03-05 07:57:31,156
U033,A0101,view,2026-03-07 13:36:31,88
U008,A0070,view,2026-03-11 10:41:31,79
U030,A0170,view,2026-03-02 01:39:31,105
U020,A0119,share,2026-03-03 01:09:31,254
U002,A0176,view,2026-03-11 04:23:31,61
U010,A0111,view,2026-03-11 17:59:31,133
U012,A0046,view,2026-02-25 09:44:31,133
U038,A0015,view,2026-02-25 23:41:31,46
U040,A0136,view,2026-02-17 09:27:31,43
U044,A0098,view,2026-02-23 05:53:31,143
U034,A0134,view,2026-03-10 21:08:31,162
U016,A0066,view,2026-03-10 18:50:31,36
U016,A0086,view,2026-02-26 15:55:31,15
U007,A0029,view,2026-03-03 08:01:31,92
U012,A0036,view,2026-02-16 15:50:31,91
U004,A0152,view,2026-02-28 11:25:31,48
U029,A0108,view,2026-02-12 12:48:31,153
U005,A0172,view,2026-02-24 22:35:31,150
U004,A0121,view,2026-02-27 23:49:31,156
U041,A0080,view,2026-02-12 23:23:31,96
U021,A0083,view,2026-03-11 13:33:31,130
U014,A0127,view,2026-02-23 10:14:31,23
U047,A0186,view,2026-02-13 18:06:31,161
U021,A0168,view,2026-02-20 14:15:31,167
U048,A0096,view,2026-03-03 20:48:31,146
U019,A0015,share,2026-02-19 16:34:31,265
U019,A0097,like,2026-02-19 13:45:31,34
U020,A0021,view,2026-02-19 16:53:31,130
U032,A0145,view,2026-02-12 19:22:31,76
U004,A0196,view,2026-02-25 20:25:31,93
U012,A0119,view,2026-02-19 06:02:31,38
U019,A0039,view,2026-03-05 02:40:31,82
U050,A0180,view,2026-03-07 02:05:31,140
U022,A0050,like,2026-03-08 00:22:31,93
U036,A0035,view,2026-02-27 03:14:31,146
U031,A0173,view,2026-03-02 00:38:31,168
U017,A0019,view,2026-02-18 22:21:31,108
U019,A0043,view,2026-02-13 23:44:31,120
U030,A0180,view,2026-02-25 07:27:31,149
U020,A0009,view,2026-03-09 08:09:31,156
U001,A0066,view,2026-02-13 18:09:31,128
U050,A0022,view,2026-02-20 14:56:31,55
U043,A0144,view,2026-02-13 15:46:31,37
U009,A0195,view,2026-02-23 15:21:31,93
U043,A0126,view,2026-03-08 18:20:31,65
U024,A0173,like,2026-02-11 22:24:31,10
U017,A0073,view,2026-02-20 06:27:31,146
U013,A0013,view,2026-02-20 12:48:31,60
U011,A0105,like,2026-02-27 05:50:31,155
U016,A0013,view,2026-02-21 02:23:31,98
U042,A0019,view,2026-02-13 01:19:31,140
U042,A0169,view,2026-02-27 11:54:31,25
U006,A0048,view,2026-03-10 11:12:31,10
U048,A0053,like,2026-02-24 12:50:31,38
U020,A0014,like,2026-03-02 04:17:31,120
U033,A0159,view,2026-02-26 09:45:31,107
U011,A0043,view,2026-03-03 06:31:31,179
U022,A0065,view,2026-02-15 14:33:31,108
U009,A0003,view,2026-02-21 21:30:31,49
U016,A0064,like,2026-03-07 04:06:31,44
U008,A0014,view,2026-03-06 07:57:31,134
U016,A0063,share,2026-03-06 16:55:31,141
U013,A0130,like,2026-02-20 03:07:31,164
U033,A0095,view,2026-02-20 04:54:31,140
U048,A0110,like,2026-02-23 09:01:31,100
U011,A0039,view,2026-03-12 13:07:31,157
U011,A0001,like,2026-02-18 01:12:31,78
U024,A0108,view,2026-02-24 04:24:31,18
U027,A0010,view,2026-02-24 02:38:31,38
U025,A0189,share,2026-03-09 05:46:31,156
U050,A0031,view,2026-02-28 04:01:31,129
U029,A0108,view,2026-02-13 02:52:31,32
U022,A0067,view,2026-03-09 07:56:31,172
U011,A0055,view,2026-02-12 23:37:31,23
U027,A0172,view,2026-03-12 09:27:31,130
U021,A0083,share,2026-02-14 18:18:31,204
U040,A0039,share,2026-02-27 11:25:31,194
U035,A0191,view,2026-02-13 16:27:31,87
U012,A0119,view,2026-03-10 02:08:31,171
U032,A0020,view,2026-03-10 12:51:31,178
U012,A0016,like,2026-02-12 11:18:31,16
U003,A0081,view,2026-02-17 20:59:31,29
U007,A0111,view,2026-03-06 20:27:31,167
U020,A0150,like,2026-03-12 05:43:31,38
U030,A0194,share,2026-03-06 00:09:31,288
U017,A0019,like,2026-02-28 23:52:31,70
U023,A0187,like,2026-03-11 09:05:31,97
U011,A0185,share,2026-02-13 18:44:31,159
U006,A0109,like,2026-02-22 02:11:31,108
U017,A0142,view,2026-02-11 20:49:31,52
U013,A0125,like,2026-02-25 04:19:31,23
U026,A0163,like,2026-03-07 14:32:31,23
U040,A0048,view,2026-02-27 04:03:31,131
U017,A0029,like,2026-02-16 15:34:31,69
U045,A0017,like,2026-02-19 06:51:31,77
U023,A0169,like,2026-03-12 08:16:31,83
U025,A0182,view,2026-02-26 12:25:31,145
U040,A0158,view,2026-02-16 16:55:31,173
U035,A0082,like,2026-02-13 02:25:31,176
U048,A0193,view,2026-02-28 17:30:31,35
U036,A0049,view,2026-02-19 21:34:31,71
U048,A0110,view,2026-03-04 00:19:31,143
U050,A0002,view,2026-03-04 16:42:31,90
U001,A0144,view,2026-03-09 19:00:31,13
U003,A0132,view,2026-02-20 14:08:31,99
U002,A0144,view,2026-03-04 02:20:31,18
U022,A0145,view,2026-02-13 20:16:31,178
U024,A0024,view,2026-02-13 14:32:31,173
U050,A0141,share,2026-03-08 22:52:31,274
U035,A0174,view,2026-02-11 09:32:31,154
U022,A0131,view,2026-03-07 20:09:31,57
U006,A0078,view,2026-03-09 10:31:31,173
U007,A0189,share,2026-02-21 10:51:31,297
U015,A0072,like,2026-02-26 03:59:31,75
U029,A0089,view,2026-03-10 01:05:31,107
U039,A0013,share,2026-03-01 03:10:31,187
U048,A0096,view,2026-03-03 18:02:31,166
U003,A0132,view,2026-03-07 22:47:31,46
U014,A0104,view,2026-02-12 22:37:31,174
U002,A0138,view,2026-03-01 02:20:31,36
U048,A0067,view,2026-03-01 11:30:31,124
U033,A0049,view,2026-02-11 04:07:31,173
U017,A0127,view,2026-02-23 02:43:31,78
U026,A0136,view,2026-02-23 01:47:31,157
U038,A0048,like,2026-02-18 13:16:31,132
U038,A0001,like,2026-03-09 16:39:31,148
U034,A0169,view,2026-02-18 22:41:31,41
U003,A0004,share,2026-02-24 13:11:31,205
U007,A0094,view,2026-02-12 02:37:31,175
U045,A0017,view,2026-02-25 09:47:31,30
U033,A0174,like,2026-02-27 16:31:31,175
U032,A0067,view,2026-02-23 09:37:31,179
U010,A0093,view,2026-03-08 00:36:31,171
U029,A0193,view,2026-02-12 02:03:31,122
U007,A0160,view,2026-03-04 02:19:31,16
U043,A0161,view,2026-02-18 14:51:31,109
U010,A0141,view,2026-02-26 21:06:31,137
U050,A0177,like,2026-02-20 10:28:31,14
U024,A0166,view,2026-03-10 22:28:31,113
U008,A0165,like,2026-02-17 01:50:31,127
U004,A0088,like,2026-02-16 11:09:31,48
U019,A0048,view,2026-03-09 14:33:31,19
U050,A0034,view,2026-03-12 00:24:31,130
U049,A0111,view,2026-03-01 20:09:31,176
U019,A0044,view,2026-03-10 14:39:31,88
U028,A0177,view,2026-02-13 01:36:31,53
U015,A0027,view,2026-03-08 01:05:31,39
U047,A0136,like,2026-03-02 20:18:31,26
U009,A0132,view,2026-02-22 14:07:31,93
U045,A0155,view,2026-02-16 00:58:31,45
U026,A0050,share,2026-03-03 04:19:31,131
U003,A0182,view,2026-03-07 09:20:31,80
U028,A0010,view,2026-02-24 01:10:31,151
U031,A0001,view,2026-02-14 09:32:31,20
U024,A0166,like,2026-02-12 02:42:31,166
U028,A0031,view,2026-02-18 17:20:31,30
U012,A0185,view,2026-03-08 19:52:31,176
U015,A0178,view,2026-02-19 05:18:31,42
U011,A0101,view,2026-02-17 01:52:31,125
U029,A0193,share,2026-02-13 02:21:31,297
U038,A0123,view,2026-02-18 03:13:31,166
U037,A0181,view,2026-02-27 04:14:31,99
U010,A0109,view,2026-03-04 03:37:31,40
U042,A0031,share,2026-02-12 17:12:31,212
U043,A0176,share,2026-02-17 18:51:31,176
U040,A0139,view,2026-03-03 09:55:31,80
U010,A0061,view,2026-03-06 02:14:31,131
U037,A0036,view,2026-03-10 22:08:31,23
U022,A0107,view,2026-02-21 02:27:31,74
U010,A0019,like,2026-02-20 06:16:31,21
U013,A0096,view,2026-02-16 10:17:31,55
U013,A0148,view,2026-02-17 10:49:31,39
U016,A0127,view,2026-02-20 15:22:31,161
U019,A0166,view,2026-02-26 01:29:31,68
U012,A0150,view,2026-03-08 10:07:31,70
U003,A0112,like,2026-02-23 19:03:31,66
U027,A0133,view,2026-03-10 09:52:31,121
U032,A0130,share,2026-02-20 04:15:31,165
U033,A0186,view,2026-03-04 01:09:31,171
U035,A0029,view,2026-02-25 14:21:31,42
U027,A0119,view,2026-02-28 02:44:31,44
U039,A0013,view,2026-02-21 20:25:31,53
U049,A0176,view,2026-02-27 10:50:31,164
U046,A0066,like,2026-02-13 01:16:31,53
U012,A0009,view,2026-03-02 10:20:31,32
U018,A0137,view,2026-03-03 00:49:31,161
U047,A0169,view,2026-03-12 05:23:31,119
U042,A0049,view,2026-02-25 23:44:31,121
U001,A0086,like,2026-02-13 22:51:31,48
U035,A0158,like,2026-02-21 20:54:31,21
U039,A0014,view,2026-02-17 22:29:31,18
U001,A0086,view,2026-03-08 10:11:31,125
U005,A0091,view,2026-03-12 07:39:31,114
U041,A0107,view,2026-02-27 10:09:31,71
U035,A0060,view,2026-02-19 01:10:31,88
U003,A0069,view,2026-02-14 22:13:31,159
U045,A0183,view,2026-03-06 13:49:31,113
U031,A0047,like,2026-02-12 08:35:31,128
U026,A0107,view,2026-02-12 08:02:31,28
U022,A0168,view,2026-02-16 17:19:31,18
U016,A0081,like,2026-02-13 00:13:31,148
U025,A0030,view,2026-03-09 04:48:31,168
U007,A0197,like,2026-03-10 09:21:31,141
U026,A0159,view,2026-03-10 12:54:31,38
U039,A0051,view,2026-03-11 00:35:31,103
U022,A0057,view,2026-03-09 20:02:31,153
U033,A0027,view,2026-02-25 15:24:31,71
U048,A0117,view,2026-02-14 11:35:31,63
U047,A0052,like,2026-02-26 07:12:31,100
U028,A0017,view,2026-02-21 15:16:31,80
U030,A0154,view,2026-02-20 07:04:31,134
U008,A0062,like,2026-02-19 11:41:31,146
U050,A0061,view,2026-02-27 14:00:31,125
U036,A0101,like,2026-03-09 21:33:31,58
U006,A0010,view,2026-03-09 05:39:31,110
U046,A0038,view,2026-03-09 09:11:31,37
U035,A0067,view,2026-03-06 03:37:31,137
U009,A0024,view,2026-02-12 08:04:31,15
U013,A0121,share,2026-02-16 05:50:31,153
U040,A0166,view,2026-02-11 13:03:31,15
U015,A0178,view,2026-03-02 07:28:31,143
U019,A0167,view,2026-02-25 06:48:31,177
U034,A0192,view,2026-02-13 21:07:31,180
U006,A0044,like,2026-02-20 14:53:31,127
U003,A0064,view,2026-02-26 22:27:31,53
U002,A0147,view,2026-02-23 23:01:31,83
U019,A0123,view,2026-02-24 19:31:31,82
U026,A0164,view,2026-03-05 13:36:31,147
U041,A0099,share,2026-03-05 21:35:31,161
U020,A0095,view,2026-02-26 11:23:31,157
U036,A0186,view,2026-03-04 11:42:31,62
U025,A0189,view,2026-02-26 11:02:31,98
U023,A0103,view,2026-03-05 11:38:31,146
U032,A0057,share,2026-02-22 11:20:31,247
U029,A0040,share,2026-02-26 07:28:31,159
U010,A0066,like,2026-02-17 19:00:31,94
U044,A0188,view,2026-02-27 16:39:31,156
U029,A0028,like,2026-02-20 18:20:31,96
U037,A0082,like,2026-03-11 01:27:31,45
U037,A0087,view,2026-03-11 18:08:31,112
U036,A0169,view,2026-02-24 14:51:31,33
U036,A0139,view,2026-03-04 00:04:31,159
U035,A0029,like,2026-02-28 05:39:31,60
U038,A0158,view,2026-02-20 14:40:31,32
U013,A0051,view,2026-02-18 13:30:31,91
U009,A0155,view,2026-03-10 08:00:31,180
U031,A0047,view,2026-02-21 10:08:31,104
U005,A0196,view,2026-02-25 04:29:31,99
U034,A0049,view,2026-02-15 08:26:31,32
U049,A0186,like,2026-02-21 23:16:31,123
U003,A0083,like,2026-02-21 14:17:31,116
U017,A0129,view,2026-03-08 23:12:31,46
U006,A0124,view,2026-02-16 23:27:31,95
U046,A0144,share,2026-02-23 18:47:31,142
U033,A0195,view,2026-02-28 10:41:31,116
U026,A0193,view,2026-02-15 00:55:31,45
U037,A0030,like,2026-02-27 17:03:31,151
U040,A0046,like,2026-02-27 03:22:31,159
U015,A0093,view,2026-02-19 19:01:31,67
U022,A0153,view,2026-02-28 22:19:31,86
U033,A0010,like,2026-02-19 09:05:31,41
U029,A0028,like,2026-02-21 21:35:31,55
U006,A0044,view,2026-03-01 17:54:31,17
U030,A0152,view,2026-03-09 20:21:31,163
U012,A0062,view,2026-02-15 03:28:31,121
U010,A0023,view,2026-02-19 05:16:31,40
U044,A0135,like,2026-03-12 02:04:31,76
U011,A0016,view,2026-02-26 08:03:31,128
U016,A0137,view,2026-03-05 10:51:31,23
U006,A0008,view,2026-02-24 16:24:31,22
U006,A0097,view,2026-03-09 09:19:31,141
U040,A0183,view,2026-03-08 14:00:31,163
U033,A0049,view,2026-02-26 11:50:31,87
U020,A0199,view,2026-02-24 09:15:31,34
U027,A0174,view,2026-03-06 08:15:31,13
U037,A0030,view,2026-02-18 19:35:31,115
U009,A0154,share,2026-03-08 05:21:31,175
U021,A0148,view,2026-03-04 07:25:31,153
U009,A0155,like,2026-02-16 23:04:31,146
U021,A0132,like,2026-03-07 16:45:31,116
U027,A0081,view,2026-03-06 21:53:31,14
U044,A0088,view,2026-02-24 09:12:31,45
U044,A0042,like,2026-02-13 16:26:31,143
U022,A0067,view,2026-02-27 00:26:31,17
U045,A0073,view,2026-03-07 00:38:31,46
U004,A0038,view,2026-03-03 08:01:31,43
U036,A0090,view,2026-03-07 19:12:31,29
U022,A0090,view,2026-02-21 06:11:31,20
U021,A0007,view,2026-02-17 12:22:31,161
U049,A0139,view,2026-03-01 08:52:31,21
U035,A0068,view,2026-03-08 11:49:31,41
U040,A0177,view,2026-03-03 18:45:31,57
U042,A0054,view,2026-03-06 06:14:31,81
U008,A0043,view,2026-03-05 13:51:31,138
U029,A0145,view,2026-02-17 21:44:31,155
U016,A0119,like,2026-03-12 05:57:31,145
U007,A0133,view,2026-02-28 01:22:31,53
U039,A0006,view,2026-03-08 09:26:31,64
U027,A0086,like,2026-02-19 06:43:31,103
U040,A0045,view,2026-03-08 00:00:31,56
U023,A0152,share,2026-02-21 14:00:31,174
U031,A0041,view,2026-02-26 13:57:31,41
U007,A0082,view,2026-02-18 07:40:31,102
U031,A0015,view,2026-03-11 00:52:31,31
U048,A0120,view,2026-02-27 23:27:31,126
U039,A0013,view,2026-02-20 16:18:31,67
U032,A0163,view,2026-02-21 09:47:31,58
U050,A0069,like,2026-02-19 05:40:31,104
U030,A0180,share,2026-02-18 12:13:31,292
U037,A0082,view,2026-02-10 21:55:31,31
U022,A0050,view,2026-02-14 00:11:31,36
U009,A0155,like,2026-03-05 04:56:31,26
U020,A0182,view,2026-03-03 18:29:31,162
U046,A0083,view,2026-03-02 06:52:31,118
U024,A0153,view,2026-02-14 09:37:31,161
U040,A0049,like,2026-02-11 13:59:31,112
U005,A0084,view,2026-02-22 11:28:31,134
U010,A0114,view,2026-02-20 04:39:31,37
U023,A0191,view,2026-03-02 09:06:31,170
U032,A0183,view,2026-03-10 11:30:31,27
U015,A0103,view,2026-03-04 17:36:31,107
U041,A0121,view,2026-02-27 02:32:31,169
U014,A0184,like,2026-02-17 05:18:31,136
U014,A0060,view,2026-02-18 05:23:31,135
U017,A0084,view,2026-02-16 06:49:31,149
U031,A0077,like,2026-02-21 07:06:31,40
U013,A0199,view,2026-02-23 18:10:31,123
U014,A0068,view,2026-02-15 13:12:31,178
U019,A0067,view,2026-03-05 09:56:31,135
U049,A0144,view,2026-02-23 04:15:31,134
U030,A0165,view,2026-02-18 13:25:31,178
U038,A0167,view,2026-02-19 12:03:31,131
U018,A0185,view,2026-03-10 08:21:31,110
U016,A0086,view,2026-02-23 16:34:31,167
U047,A0195,like,2026-02-27 22:33:31,92
U035,A0174,view,2026-03-07 01:12:31,103
U025,A0084,like,2026-03-11 15:51:31,170
U047,A0033,view,2026-02-25 04:14:31,101
U013,A0132,view,2026-03-01 18:28:31,73
U021,A0063,view,2026-03-09 00:27:31,26
U021,A0055,view,2026-03-05 03:47:31,15
U050,A0106,view,2026-02-10 22:46:31,118
U018,A0025,share,2026-02-28 18:00:31,125
U030,A0173,view,2026-02-26 11:30:31,106
U038,A0044,view,2026-03-08 10:29:31,135
U035,A0120,view,2026-02-25 14:16:31,137
U010,A0022,like,2026-02-25 10:21:31,52
U013,A0175,view,2026-02-21 01:00:31,61
U017,A0131,like,2026-03-09 10:57:31,147
U008,A0111,view,2026-02-27 08:28:31,156
U018,A0133,view,2026-03-08 16:47:31,158
U023,A0105,view,2026-03-09 19:45:31,155
U032,A0165,view,2026-03-03 08:08:31,98
U019,A0123,view,2026-02-27 03:32:31,139
U017,A0060,view,2026-02-16 07:27:31,90
U011,A0049,view,2026-02-12 10:36:31,141
U013,A0148,like,2026-03-04 15:58:31,14
U048,A0149,view,2026-03-04 09:28:31,157
U003,A0133,view,2026-02-19 14:49:31,78
U028,A0156,view,2026-02-12 22:07:31,121
U006,A0068,like,2026-03-10 03:49:31,143
U010,A0101,view,2026-03-01 22:40:31,48
U001,A0035,like,2026-02-21 01:40:31,115
U044,A0005,like,2026-03-09 22:51:31,172
U046,A0037,view,2026-02-27 19:42:31,175
U010,A0179,view,2026-03-02 03:18:31,113
U049,A0176,view,2026-03-11 14:58:31,72
U042,A0136,view,2026-02-18 19:03:31,153
U015,A0158,view,2026-03-11 04:48:31,61
U002,A0086,view,2026-03-01 02:59:31,81
U025,A0030,view,2026-03-10 23:06:31,134
U004,A0111,view,2026-03-09 01:33:31,90
U022,A0153,like,2026-02-22 08:40:31,103
U006,A0074,like,2026-02-22 19:43:31,45
U050,A0177,view,2026-02-18 02:49:31,40
U028,A0008,like,2026-02-16 23:30:31,74
U040,A0157,view,2026-02-13 14:04:31,41
U042,A0139,view,2026-02-14 06:59:31,109
U049,A0141,like,2026-02-21 15:20:31,65
U037,A0131,view,2026-02-28 09:21:31,122
U030,A0200,like,2026-03-10 08:08:31,135
U023,A0046,view,2026-03-07 17:50:31,91
U038,A0047,view,2026-03-01 16:09:31,81
U043,A0178,share,2026-02-24 08:44:31,241
U031,A0124,like,2026-03-11 22:12:31,175
U048,A0163,view,2026-03-10 09:30:31,71
U041,A0113,view,2026-02-11 19:19:31,102
U016,A0112,view,2026-02-16 12:58:31,70
U021,A0164,view,2026-02-22 23:59:31,75
U041,A0121,share,2026-03-02 04:02:31,196
U010,A0136,like,2026-02-20 21:53:31,171
U020,A0132,like,2026-02-11 13:20:31,114
U021,A0104,view,2026-03-09 05:44:31,135
U044,A0200,view,2026-02-25 17:48:31,118
U001,A0037,like,2026-03-05 14:05:31,76
U028,A0034,view,2026-02-13 11:33:31,150
U031,A0041,view,2026-03-11 15:21:31,23
U021,A0057,view,2026-02-20 16:55:31,174
U006,A0039,view,2026-02-12 06:57:31,88
U008,A0142,view,2026-03-05 16:50:31,73
U019,A0074,share,2026-02-11 08:09:31,153
U032,A0149,view,2026-02-26 08:21:31,125
U046,A0141,like,2026-03-01 00:30:31,54
U008,A0111,like,2026-02-28 01:26:31,60
U027,A0051,view,2026-02-22 23:25:31,106
U016,A0005,like,2026-03-02 16:02:31,15
U017,A0151,share,2026-02-11 10:25:31,276
U023,A0189,share,2026-02-19 20:08:31,170
U012,A0062,like,2026-03-10 14:51:31,112
U014,A0054,view,2026-03-06 02:12:31,32
U019,A0062,view,2026-02-15 01:39:31,40
U018,A0091,view,2026-02-20 05:39:31,136
U011,A0134,like,2026-03-04 05:06:31,78
U041,A0110,view,2026-03-06 23:01:31,120
U010,A0051,view,2026-02-28 00:09:31,58
U032,A0065,view,2026-03-06 05:49:31,17
U031,A0197,view,2026-02-12 18:33:31,125
U027,A0052,view,2026-02-11 10:16:31,127
U041,A0175,view,2026-02-26 04:09:31,111
U009,A0173,like,2026-02-21 14:53:31,162
U020,A0132,view,2026-03-10 05:03:31,23
U006,A0048,view,2026-02-24 18:14:31,165
U030,A0057,share,2026-02-13 15:48:31,131
U024,A0055,view,2026-02-23 13:08:31,87
U010,A0067,view,2026-03-06 20:47:31,153
U018,A0133,view,2026-03-05 03:41:31,138
U017,A0129,view,2026-02-19 13:57:31,43
U046,A0072,like,2026-02-21 04:21:31,46
U002,A0037,view,2026-03-07 01:33:31,137
U016,A0075,like,2026-02-24 11:22:31,120
U006,A0001,like,2026-02-12 23:44:31,77
U024,A0008,view,2026-03-05 09:01:31,90
U013,A0198,view,2026-03-06 00:00:31,152
U016,A0006,view,2026-02-20 20:38:31,23
U041,A0113,view,2026-03-04 13:11:31,19
U042,A0103,view,2026-02-19 14:59:31,121
U039,A0095,like,2026-02-18 08:39:31,20
U041,A0096,share,2026-02-15 08:37:31,244
U009,A0192,view,2026-03-06 03:31:31,41
U004,A0111,view,2026-02-27 22:54:31,56
U007,A0044,like,2026-02-28 11:16:31,154
U034,A0155,view,2026-02-14 07:50:31,11
U033,A0192,view,2026-02-21 22:23:31,29
U001,A0052,view,2026-03-08 14:13:31,94
U028,A0079,view,2026-03-07 07:59:31,110
U017,A0026,share,2026-03-08 01:22:31,202
U032,A0145,view,2026-02-19 01:06:31,126
U006,A0015,view,2026-02-10 22:30:31,11
U036,A0027,view,2026-02-12 13:26:31,125
U046,A0177,like,2026-02-14 23:33:31,43
U043,A0138,view,2026-02-11 14:12:31,82
U046,A0056,view,2026-03-09 15:59:31,150
U018,A0119,view,2026-02-22 17:34:31,75
U027,A0198,share,2026-02-22 17:30:31,142
U032,A0006,view,2026-02-23 04:53:31,113
U024,A0078,like,2026-02-11 02:49:31,49
U032,A0100,view,2026-02-21 04:58:31,89
U009,A0079,view,2026-02-24 13:03:31,180
U013,A0148,view,2026-03-03 18:55:31,135
U041,A0120,view,2026-02-28 15:58:31,154
U032,A0068,view,2026-02-21 15:42:31,104
U018,A0021,view,2026-02-21 11:54:31,33
U028,A0004,view,2026-02-19 18:56:31,67
U036,A0033,like,2026-02-18 08:12:31,144
U050,A0188,view,2026-02-27 15:42:31,129
U005,A0030,share,2026-02-19 03:33:31,196
U032,A0122,view,2026-02-27 05:06:31,73
U037,A0189,view,2026-03-10 17:06:31,151
U008,A0005,view,2026-03-07 23:40:31,140
U025,A0102,view,2026-02-15 00:18:31,74
U028,A0078,view,2026-02-17 23:20:31,14
U008,A0115,view,2026-03-04 17:06:31,56
U044,A0110,view,2026-02-21 22:34:31,86
U033,A0186,like,2026-02-20 09:46:31,169
U004,A0140,view,2026-03-04 08:46:31,64
U030,A0154,like,2026-02-13 09:26:31,76
U022,A0153,view,2026-02-16 13:33:31,14
U042,A0105,view,2026-03-05 01:39:31,177
U031,A0010,view,2026-02-10 22:49:31,164
U027,A0172,view,2026-02-12 19:35:31,102
U041,A0156,share,2026-02-22 21:47:31,197
U025,A0029,view,2026-03-04 04:49:31,38
U006,A0184,view,2026-03-04 07:38:31,16
U007,A0132,view,2026-02-11 07:32:31,71
U040,A0128,view,2026-02-16 08:57:31,58
U037,A0129,like,2026-03-06 03:23:31,131
U046,A0176,view,2026-03-05 22:44:31,123
U037,A0008,view,2026-02-20 10:14:31,159
U008,A0018,view,2026-02-23 01:21:31,23
U030,A0170,view,2026-02-21 05:36:31,116
U024,A0190,like,2026-02-13 18:25:31,151
U011,A0166,view,2026-02-22 16:40:31,134
U035,A0006,like,2026-02-18 16:18:31,69
U048,A0099,view,2026-02-21 16:17:31,157
U014,A0156,view,2026-02-11 09:06:31,116
U045,A0085,view,2026-02-12 13:04:31,175
U001,A0192,view,2026-03-11 22:30:31,51
U013,A0199,view,2026-02-25 05:39:31,122
U024,A0044,view,2026-02-25 10:47:31,164
U011,A0160,like,2026-02-19 13:32:31,43
U027,A0134,like,2026-02-23 02:50:31,116
U042,A0041,view,2026-02-24 11:44:31,130
U037,A0094,like,2026-02-12 14:00:31,63
U014,A0196,like,2026-02-18 21:47:31,43
U043,A0177,view,2026-02-18 11:38:31,35
U021,A0080,share,2026-02-18 09:57:31,197
U028,A0010,view,2026-03-12 01:25:31,101
U016,A0173,view,2026-03-05 15:59:31,54
U031,A0150,like,2026-03-11 10:18:31,26
U003,A0037,view,2026-03-02 13:37:31,40
U010,A0058,view,2026-02-25 09:30:31,100
U024,A0028,like,2026-02-15 12:48:31,78
U020,A0106,like,2026-02-17 10:17:31,164
U002,A0085,like,2026-02-20 23:00:31,127
U038,A0141,like,2026-03-08 01:34:31,166
U033,A0195,like,2026-03-08 05:57:31,153
U008,A0042,view,2026-02-12 05:11:31,40
U033,A0027,share,2026-03-05 17:42:31,194
U005,A0087,like,2026-02-18 04:51:31,35
U049,A0002,view,2026-03-06 14:44:31,41
U034,A0199,view,2026-02-21 23:07:31,11
U048,A0148,like,2026-02-25 08:25:31,83
U037,A0073,view,2026-02-23 22:26:31,116
U003,A0179,view,2026-03-05 23:38:31,145
U044,A0165,view,2026-02-21 08:50:31,115
U050,A0045,like,2026-02-17 09:27:31,102
U039,A0179,view,2026-03-12 10:22:31,142
U024,A0034,view,2026-02-26 13:22:31,112
U040,A0041,view,2026-03-10 02:05:31,110
U028,A0048,view,2026-02-11 16:34:31,48
U022,A0010,view,2026-02-12 03:20:31,179
U045,A0164,share,2026-02-21 19:14:31,222
U046,A0041,like,2026-02-27 00:49:31,90
U006,A0059,view,2026-02-28 03:38:31,145
U010,A0179,view,2026-02-22 12:01:31,124
U035,A0006,like,2026-02-12 11:15:31,168
U009,A0109,view,2026-02-11 08:37:31,113
U029,A0089,like,2026-03-09 01:10:31,19
U020,A0069,view,2026-03-07 03:36:31,143
U001,A0039,view,2026-03-08 15:50:31,140
U022,A0053,view,2026-02-11 22:53:31,50
U038,A0039,like,2026-02-16 07:28:31,161
U013,A0133,like,2026-02-27 01:14:31,118
U020,A0067,view,2026-03-10 03:45:31,105
U043,A0141,view,2026-03-07 05:59:31,22
U009,A0041,share,2026-02-20 11:05:31,196
U041,A0080,view,2026-02-25 10:58:31,70
U009,A0045,share,2026-02-15 03:27:31,280
U017,A0191,like,2026-03-02 05:49:31,99
U022,A0148,view,2026-02-14 19:37:31,45
U034,A0027,view,2026-03-01 14:45:31,36
U016,A0009,view,2026-02-24 10:37:31,126
U032,A0099,like,2026-02-22 03:09:31,30
U001,A0195,view,2026-03-06 23:10:31,131
U018,A0149,view,2026-02-16 22:25:31,113
U035,A0062,view,2026-02-22 22:01:31,77
U043,A0034,view,2026-02-20 20:32:31,135
U002,A0066,view,2026-03-05 11:21:31,46
U026,A0145,view,2026-02-20 01:17:31,43
U040,A0059,view,2026-02-16 19:16:31,40
U022,A0057,view,2026-03-11 09:37:31,50
U003,A0012,view,2026-03-07 11:30:31,164
U046,A0036,view,2026-02-24 01:32:31,156
U039,A0160,view,2026-03-07 12:37:31,105
U032,A0121,view,2026-02-27 12:07:31,134
U036,A0178,view,2026-02-14 01:12:31,117
U032,A0140,like,2026-02-27 23:35:31,65
U050,A0200,like,2026-03-12 18:57:31,41
U017,A0066,view,2026-03-10 20:25:31,116
U038,A0157,view,2026-02-20 07:07:31,96
U010,A0103,view,2026-02-13 07:38:31,43
U042,A0136,view,2026-02-19 21:46:31,125
U010,A0127,view,2026-02-26 02:00:31,32
U047,A0035,view,2026-02-22 05:48:31,109
U041,A0080,view,2026-02-16 06:19:31,21
U002,A0185,like,2026-02-28 06:15:31,175
U048,A0121,view,2026-03-11 18:08:31,156
U003,A0176,like,2026-02-26 19:53:31,153
U045,A0027,view,2026-03-09 00:13:31,59
U047,A0035,view,2026-03-10 11:28:31,155
U006,A0128,like,2026-02-18 00:13:31,14
U021,A0150,share,2026-03-04 16:54:31,124
U041,A0068,view,2026-02-14 12:12:31,123
U050,A0061,view,2026-02-26 07:14:31,112
U013,A0199,view,2026-03-11 19:49:31,97
U044,A0200,view,2026-02-16 20:37:31,91
U020,A0185,view,2026-03-08 08:44:31,148
U033,A0105,view,2026-03-01 06:05:31,32
U005,A0142,share,2026-03-05 04:25:31,135
U036,A0027,view,2026-03-11 15:33:31,24
U044,A0098,view,2026-03-06 09:37:31,115
U042,A0015,view,2026-03-07 09:06:31,23
U011,A0166,like,2026-02-14 05:07:31,70
U019,A0158,like,2026-02-23 08:39:31,39
U049,A0183,view,2026-02-15 17:04:31,114
U003,A0004,view,2026-02-12 01:14:31,69
U009,A0017,view,2026-02-15 16:02:31,160
U035,A0172,view,2026-02-15 15:20:31,176
U028,A0010,view,2026-02-22 08:57:31,124
U008,A0191,view,2026-03-03 15:00:31,46
U038,A0074,share,2026-03-01 17:27:31,257
U044,A0154,share,2026-02-15 14:51:31,235
U015,A0139,like,2026-02-12 15:13:31,84
U022,A0053,view,2026-03-10 03:30:31,133
U018,A0069,view,2026-02-23 14:00:31,99
U039,A0189,view,2026-02-17 15:49:31,82
U003,A0013,like,2026-02-15 06:11:31,27
U027,A0172,view,2026-03-07 06:54:31,45
U001,A0052,share,2026-02-21 05:24:31,173
U009,A0195,share,2026-02-26 09:33:31,294
U021,A0164,view,2026-02-20 06:44:31,79
U046,A0147,share,2026-02-25 08:04:31,173
U012,A0191,view,2026-03-12 03:53:31,44
U008,A0173,view,2026-02-19 04:44:31,11
U042,A0172,view,2026-02-22 01:56:31,152
U019,A0077,like,2026-02-23 00:12:31,147
U043,A0141,like,2026-02-11 05:52:31,29
U042,A0178,like,2026-02-20 14:58:31,41
U030,A0171,like,2026-02-13 12:26:31,101
U039,A0017,like,2026-03-12 12:01:31,41
U048,A0096,share,2026-02-20 15:38:31,122
U023,A0052,view,2026-02-28 02:09:31,101
U023,A0052,like,2026-02-12 10:18:31,87
U044,A0093,view,2026-02-18 09:51:31,102
U039,A0030,view,2026-02-13 07:17:31,63
U011,A0159,share,2026-02-11 19:53:31,221
U005,A0014,view,2026-02-18 02:44:31,136
U011,A0055,view,2026-02-15 03:19:31,164
U003,A0104,view,2026-03-07 01:09:31,26
U005,A0082,share,2026-03-02 12:14:31,253
U002,A0056,view,2026-03-11 19:58:31,146
U009,A0088,view,2026-02-20 05:25:31,10
U018,A0168,view,2026-02-11 07:13:31,23
U012,A0106,view,2026-02-22 08:48:31,80
U035,A0130,view,2026-02-18 07:56:31,102
U017,A0012,view,2026-03-02 15:58:31,22
U042,A0035,view,2026-02-20 10:57:31,90
U034,A0007,view,2026-03-09 03:52:31,156
U042,A0026,share,2026-03-02 14:47:31,296
U035,A0175,view,2026-03-01 12:11:31,60
U007,A0017,view,2026-02-12 09:28:31,170
U032,A0053,view,2026-03-11 18:59:31,161
U043,A0138,share,2026-03-01 11:43:31,183
U050,A0116,view,2026-02-25 08:59:31,23
U044,A0114,view,2026-03-02 02:38:31,28
U014,A0120,view,2026-03-08 12:44:31,170
U036,A0195,view,2026-03-10 02:56:31,18
U039,A0007,like,2026-03-09 22:12:31,42
U001,A0058,like,2026-03-10 09:23:31,87
U008,A0152,view,2026-03-08 06:00:31,24
U048,A0156,view,2026-02-23 12:34:31,112
U018,A0198,like,2026-03-02 06:36:31,163
U023,A0136,view,2026-02-20 05:59:31,108
U011,A0181,view,2026-02-12 15:47:31,168
U033,A0192,view,2026-03-11 16:51:31,126
U021,A0110,view,2026-03-07 23:15:31,36
U045,A0036,like,2026-02-13 21:38:31,59
U044,A0175,view,2026-02-17 17:22:31,75
U045,A0094,view,2026-02-12 15:05:31,123
U016,A0138,view,2026-03-10 21:05:31,25
U010,A0147,view,2026-02-17 12:45:31,176
U048,A0156,view,2026-02-16 06:09:31,47
U031,A0165,view,2026-02-25 06:41:31,84
U037,A0036,view,2026-02-14 04:41:31,178
U020,A0137,view,2026-02-17 19:20:31,153
U007,A0150,view,2026-03-03 23:47:31,61
U023,A0189,view,2026-03-09 18:31:31,97
U023,A0033,view,2026-02-19 14:42:31,163
U006,A0003,like,2026-02-15 02:54:31,95
U031,A0070,view,2026-03-05 11:58:31,36
U014,A0110,like,2026-03-10 23:08:31,136
U009,A0155,view,2026-03-02 17:37:31,68
U020,A0133,view,2026-02-19 00:07:31,94
U034,A0070,view,2026-02-22 15:59:31,57
U026,A0048,view,2026-03-12 10:25:31,28
U021,A0057,view,2026-03-06 09:41:31,84
U012,A0081,view,2026-02-24 12:06:31,21
U044,A0191,view,2026-02-27 22:55:31,54
U002,A0034,view,2026-03-04 22:52:31,96
U039,A0132,view,2026-03-03 23:09:31,15
U038,A0167,view,2026-03-08 06:42:31,15
U042,A0163,view,2026-02-11 01:56:31,38
U016,A0144,view,2026-02-20 02:56:31,71
U026,A0183,view,2026-03-05 02:03:31,144
U015,A0109,share,2026-02-21 03:29:31,136
U004,A0068,like,2026-03-06 22:22:31,58
U029,A0145,view,2026-02-23 20:26:31,91
U007,A0187,share,2026-03-01 18:07:31,131
U010,A0052,view,2026-02-16 12:21:31,85
U027,A0196,view,2026-03-10 11:03:31,171
U022,A0140,like,2026-02-17 18:04:31,159
U011,A0024,view,2026-03-09 04:18:31,130
U029,A0028,view,2026-03-05 06:21:31,140
U024,A0190,like,2026-02-17 17:05:31,105
U014,A0132,view,2026-02-26 05:42:31,105
U005,A0185,view,2026-02-18 08:47:31,131
U018,A0132,view,2026-02-14 07:22:31,176
U027,A0160,view,2026-03-03 15:30:31,125
U049,A0002,view,2026-02-26 23:00:31,118
U029,A0200,view,2026-02-23 20:36:31,75
U008,A0165,view,2026-03-09 01:27:31,85
U044,A0135,view,2026-02-14 07:23:31,20
U027,A0084,view,2026-02-21 11:48:31,125
U008,A0098,view,2026-02-18 05:47:31,91
U029,A0059,view,2026-02-20 18:47:31,69
U034,A0016,view,2026-03-09 03:12:31,85
U036,A0172,view,2026-02-11 14:11:31,30
U024,A0040,share,2026-03-08 09:44:31,150
U034,A0093,view,2026-03-03 18:26:31,95
U043,A0161,view,2026-02-27 02:35:31,80
U034,A0149,view,2026-03-06 14:38:31,149
U030,A0089,view,2026-02-27 06:07:31,82
U045,A0145,like,2026-02-22 12:09:31,113
U026,A0096,like,2026-03-12 08:14:31,130
U022,A0151,share,2026-03-06 02:10:31,221
U033,A0139,like,2026-03-03 07:59:31,131
U032,A0122,view,2026-02-15 17:37:31,129
U046,A0056,view,2026-03-08 23:26:31,90
U044,A0107,view,2026-02-21 21:00:31,63
U007,A0119,like,2026-03-11 12:21:31,105
U033,A0045,like,2026-02-26 23:28:31,12
U050,A0076,view,2026-02-24 17:50:31,96
U038,A0032,view,2026-02-22 12:38:31,147
U004,A0175,view,2026-02-15 01:17:31,18
U027,A0139,view,2026-02-25 20:30:31,155
U023,A0027,view,2026-02-13 05:18:31,156
U049,A0165,share,2026-03-03 14:11:31,220
U031,A0010,view,2026-02-19 06:38:31,37
U027,A0025,share,2026-02-11 19:16:31,197
U034,A0049,view,2026-02-15 17:18:31,55
U039,A0014,view,2026-02-18 15:32:31,16
U038,A0078,view,2026-02-23 07:44:31,82
U021,A0071,view,2026-02-17 00:27:31,27
U047,A0186,view,2026-03-12 09:10:31,53
U018,A0119,share,2026-02-23 02:02:31,160
U047,A0135,view,2026-02-21 20:12:31,132
U018,A0091,view,2026-03-03 11:42:31,43
U031,A0120,view,2026-02-19 06:38:31,50
U024,A0162,share,2026-02-14 03:32:31,171
U015,A0027,view,2026-02-28 08:22:31,61
U041,A0023,view,2026-03-09 23:21:31,112
U030,A0098,view,2026-02-25 21:59:31,155
U032,A0003,view,2026-02-14 15:56:31,20
U039,A0007,view,2026-02-20 02:49:31,98
U022,A0140,like,2026-02-27 08:20:31,110
U020,A0150,like,2026-03-04 21:56:31,116
U021,A0006,like,2026-02-21 05:17:31,127
U046,A0056,view,2026-02-15 00:09:31,34
U012,A0062,share,2026-03-01 23:25:31,160
U020,A0063,view,2026-02-27 14:24:31,180
U021,A0049,view,2026-03-02 23:55:31,136
U023,A0191,like,2026-03-07 08:49:31,104
U028,A0166,view,2026-02-26 01:08:31,114
U026,A0190,view,2026-02-17 20:28:31,21
U004,A0130,view,2026-02-19 20:42:31,107
U027,A0160,view,2026-03-04 00:53:31,111
U043,A0019,view,2026-03-06 16:09:31,93
U033,A0109,view,2026-02-19 21:18:31,27
U026,A0090,view,2026-02-20 23:07:31,45
U015,A0192,view,2026-03-05 12:58:31,53
U007,A0176,view,2026-03-04 19:38:31,85
U043,A0037,like,2026-03-05 05:14:31,29
U018,A0196,view,2026-02-28 10:46:31,49
U049,A0109,view,2026-03-11 07:36:31,146
U037,A0187,view,2026-02-11 23:52:31,143
U047,A0046,like,2026-03-08 04:57:31,109
U044,A0173,view,2026-02-13 15:50:31,11
U042,A0080,view,2026-03-03 16:52:31,73
U032,A0060,view,2026-03-08 17:24:31,14
U022,A0151,share,2026-02-25 13:00:31,169
U033,A0033,view,2026-03-08 11:43:31,180
U023,A0016,view,2026-02-21 23:11:31,141
U012,A0030,view,2026-02-15 07:19:31,170
U046,A0112,view,2026-02-16 05:32:31,111
U015,A0149,view,2026-03-03 03:43:31,37
U018,A0091,view,2026-02-22 13:59:31,177
U019,A0044,view,2026-02-20 00:07:31,66
U014,A0125,like,2026-02-11 07:19:31,169
U034,A0133,view,2026-03-02 22:30:31,115
U047,A0164,view,2026-03-08 06:01:31,147
U045,A0073,share,2026-02-14 23:30:31,163
U016,A0069,view,2026-02-26 02:57:31,171
U029,A0190,view,2026-03-06 20:02:31,95
U014,A0151,like,2026-02-26 09:55:31,180
U001,A0112,view,2026-02-13 04:33:31,159
U008,A0171,view,2026-03-02 07:21:31,138
U037,A0187,share,2026-03-02 07:09:31,125
U017,A0017,like,2026-02-26 19:53:31,70
U048,A0013,like,2026-02-12 16:17:31,30
U031,A0135,view,2026-02-27 09:15:31,61
U024,A0055,view,2026-03-11 03:49:31,70
U048,A0029,view,2026-02-20 16:33:31,94
U027,A0146,view,2026-03-11 01:58:31,143
U048,A0104,view,2026-02-27 18:09:31,16
U027,A0014,like,2026-02-25 06:52:31,72
U026,A0153,view,2026-03-01 13:58:31,66
U005,A0102,view,2026-02-26 05:55:31,56
U049,A0012,view,2026-02-18 12:13:31,27
U010,A0104,view,2026-03-06 10:38:31,62
U010,A0105,view,2026-02-15 21:44:31,62
U041,A0068,view,2026-02-19 15:03:31,89
U015,A0114,view,2026-02-21 14:05:31,55
U009,A0136,view,2026-02-14 15:37:31,124
U036,A0067,view,2026-02-18 23:39:31,30
U028,A0029,view,2026-02-23 16:39:31,52
U017,A0022,view,2026-02-13 03:36:31,120
U034,A0013,like,2026-02-18 22:45:31,15
U017,A0029,view,2026-03-09 02:19:31,86
U021,A0198,view,2026-03-04 21:19:31,75
U020,A0064,view,2026-02-27 23:52:31,106
U016,A0146,view,2026-02-25 17:15:31,44
U025,A0073,view,2026-03-04 06:06:31,11
U022,A0099,view,2026-02-23 20:26:31,135
U035,A0026,view,2026-02-22 22:10:31,105
U043,A0126,view,2026-02-14 02:38:31,28
U048,A0053,view,2026-03-07 05:16:31,108
U042,A0085,view,2026-02-21 00:40:31,75
U026,A0122,like,2026-02-25 00:29:31,140
U035,A0038,view,2026-02-24 03:04:31,24
U044,A0076,share,2026-03-01 15:40:31,182
U030,A0098,share,2026-02-24 10:28:31,281
U002,A0031,view,2026-02-11 12:21:31,47
U021,A0185,view,2026-03-06 04:16:31,75
U034,A0134,view,2026-03-05 12:54:31,13
U012,A0146,view,2026-02-23 09:25:31,111
U001,A0027,share,2026-03-09 05:28:31,252
U015,A0138,like,2026-03-05 08:06:31,119
U047,A0101,view,2026-02-16 14:50:31,178
U049,A0053,view,2026-02-22 03:38:31,32
U001,A0061,view,2026-02-25 05:03:31,46
U021,A0007,view,2026-02-22 18:32:31,88
U019,A0015,view,2026-02-18 12:08:31,10
U036,A0027,like,2026-02-21 20:50:31,144
U011,A0055,view,2026-02-21 06:31:31,53
U022,A0153,view,2026-03-06 18:30:31,60
U009,A0170,view,2026-03-07 20:49:31,125
U032,A0140,view,2026-03-03 17:45:31,25
U019,A0039,like,2026-03-04 03:38:31,76
U017,A0120,like,2026-02-20 19:50:31,170
U019,A0090,view,2026-02-11 22:04:31,52
